"STATION","DATE","LATITUDE","LONGITUDE","ELEVATION","NAME","TEMP","TEMP_ATTRIBUTES","DEWP","DEWP_ATTRIBUTES","SLP","SLP_ATTRIBUTES","STP","STP_ATTRIBUTES","VISIB","VISIB_ATTRIBUTES","WDSP","WDSP_ATTRIBUTES","MXSPD","GUST","MAX","MAX_ATTRIBUTES","MIN","MIN_ATTRIBUTES","PRCP","PRCP_ATTRIBUTES","SNDP","FRSHTT"
"03770099999","2014-01-01","51.5","-0.1166666","5.0","ST JAMES PARK, UK","  48.6","23","  44.3","23","9999.9"," 0","999.9"," 0","999.9"," 0","  0.0","23","999.9","999.9","  53.1","*","  42.1"," "," 0.19","G","999.9","000000"
"03770099999","2014-01-02","51.5","-0.1166666","5.0","ST JAMES PARK, UK","  48.5","24","  42.8","24","9999.9"," 0","999.9"," 0","999.9"," 0","  0.0","24","999.9","999.9","  51.8","*","  43.9","*"," 0.48","G","999.9","000000"
"03770099999","2014-01-03","51.5","-0.1166666","5.0","ST JAMES PARK, UK","  48.2","24","  41.2","24","9999.9"," 0","999.9"," 0","999.9"," 0","  0.0","24","999.9","999.9","  51.3"," ","  45.3","*"," 0.11","G","999.9","000000"
"03770099999","2014-01-04","51.5","-0.1166666","5.0","ST JAMES PARK, UK","  46.4","24","  41.3","24","9999.9"," 0","999.9"," 0","999.9"," 0","  0.0","24","999.9","999.9","  50.5"," ","  40.1","*"," 0.22","G","999.9","000000"
"03770099999","2014-01-05","51.5","-0.1166666","5.0","ST JAMES PARK, UK","  43.0","24","  39.0","24","9999.9"," 0","999.9"," 0","999.9"," 0","  0.0","24","999.9","999.9","  53.6","*","  35.4","*"," 0.23","G","999.9","000000"
"03770099999","2014-01-06","51.5","-0.1166666","5.0","ST JAMES PARK, UK","  52.8","24","  45.7","24","9999.9"," 0","999.9"," 0","999.9"," 0","  0.0","24","999.9","999.9","  54.9"," ","  47.5"," "," 0.24","G","999.9","000000"
"03770099999","2014-01-07","51.5","-0.1166666","5.0","ST JAMES PARK, UK","  51.4","24","  43.8","24","9999.9"," 0","999.9"," 0","999.9"," 0","  0.0","24","999.9","999.9","  54.0"," ","  48.0","*"," 0.25","G","999.9","000000"
"03770099999","2014-01-08","51.5","-0.1166666","5.0","ST JAMES PARK, UK","  49.3","24","  44.5","24","9999.9"," 0","999.9"," 0","999.9"," 0","  0.0","24","999.9","999.9","  54.1"," ","  44.6"," "," 0.19","G","999.9","000000"
"03770099999","2014-01-09","51.5","-0.1166666","5.0","ST JAMES PARK, UK","  48.2","24","  40.9","24","9999.9"," 0","999.9"," 0","999.9"," 0","  0.0","24","999.9","999.9","  54.0","*","  41.2","*"," 0.07","G","999.9","000000"
"03770099999","2014-01-10","51.5","-0.1166666","5.0","ST JAMES PARK, UK","  44.3","24","  39.4","24","9999.9"," 0","999.9"," 0","999.9"," 0","  0.0","24","999.9","999.9","  51.6"," ","  37.0","*"," 0.10","G","999.9","000000"
"03770099999","2014-01-11","51.5","-0.1166666","5.0","ST JAMES PARK, UK","  44.3","24","  38.1","24","9999.9"," 0","999.9"," 0","999.9"," 0","  0.0","24","999.9","999.9","  48.6"," ","  35.2","*"," 0.10","G","999.9","000000"
"03770099999","2014-01-12","51.5","-0.1166666","5.0","ST JAMES PARK, UK","  40.6","24","  37.4","24","9999.9"," 0","999.9"," 0","999.9"," 0","  0.0","24","999.9","999.9","  48.4","*","  33.6"," "," 0.00","G","999.9","000000"
"03770099999","2014-01-13","51.5","-0.1166666","5.0","ST JAMES PARK, UK","  45.5","24","  40.2","24","9999.9"," 0","999.9"," 0","999.9"," 0","  0.0","24","999.9","999.9","  50.2"," ","  41.7","*"," 0.09","G","999.9","000000"
"03770099999","2014-01-14","51.5","-0.1166666","5.0","ST JAMES PARK, UK","  41.2","24","  35.1","24","9999.9"," 0","999.9"," 0","999.9"," 0","  0.0","24","999.9","999.9","  45.0"," ","  36.0","*"," 0.14","G","999.9","000000"
"03770099999","2014-01-15","51.5","-0.1166666","5.0","ST JAMES PARK, UK","  49.5","24","  46.3","24","9999.9"," 0","999.9"," 0","999.9"," 0","  0.0","24","999.9","999.9","  52.9"," ","  41.2"," "," 0.17","G","999.9","000000"
"03770099999","2014-01-16","51.5","-0.1166666","5.0","ST JAMES PARK, UK","  48.6","24","  42.9","24","9999.9"," 0","999.9"," 0","999.9"," 0","  0.0","24","999.9","999.9","  52.5"," ","  45.0","*"," 0.05","G","999.9","000000"
"03770099999","2014-01-17","51.5","-0.1166666","5.0","ST JAMES PARK, UK","  45.7","24","  41.7","24","9999.9"," 0","999.9"," 0","999.9"," 0","  0.0","24","999.9","999.9","  48.7"," ","  44.1","*"," 0.54","G","999.9","000000"
"03770099999","2014-01-18","51.5","-0.1166666","5.0","ST JAMES PARK, UK","  48.0","24","  42.3","24","9999.9"," 0","999.9"," 0","999.9"," 0","  0.0","24","999.9","999.9","  50.5"," ","  43.7"," "," 0.15","G","999.9","000000"
"03770099999","2014-01-19","51.5","-0.1166666","5.0","ST JAMES PARK, UK","  45.0","24","  38.5","24","9999.9"," 0","999.9"," 0","999.9"," 0","  0.0","24","999.9","999.9","  49.6","*","  39.2","*"," 0.05","G","999.9","000000"
"03770099999","2014-01-20","51.5","-0.1166666","5.0","ST JAMES PARK, UK","  40.9","24","  37.3","24","9999.9"," 0","999.9"," 0","999.9"," 0","  0.0","24","999.9","999.9","  48.4"," ","  35.2"," "," 0.02","G","999.9","000000"
"03770099999","2014-01-21","51.5","-0.1166666","5.0","ST JAMES PARK, UK","  41.0","23","  37.3","23","9999.9"," 0","999.9"," 0","999.9"," 0","  0.0","23","999.9","999.9","  47.3"," ","  36.1"," "," 0.01","G","999.9","000000"
"03770099999","2014-01-22","51.5","-0.1166666","5.0","ST JAMES PARK, UK","  46.2","24","  41.8","24","9999.9"," 0","999.9"," 0","999.9"," 0","  0.0","24","999.9","999.9","  50.7"," ","  42.4"," "," 0.22","G","999.9","000000"
"03770099999","2014-01-23","51.5","-0.1166666","5.0","ST JAMES PARK, UK","  42.5","24","  36.6","24","9999.9"," 0","999.9"," 0","999.9"," 0","  0.0","24","999.9","999.9","  48.0"," ","  38.3","*"," 0.01","G","999.9","000000"
"03770099999","2014-01-24","51.5","-0.1166666","5.0","ST JAMES PARK, UK","  42.7","24","  37.1","24","9999.9"," 0","999.9"," 0","999.9"," 0","  0.0","24","999.9","999.9","  47.3"," ","  36.7"," "," 0.12","G","999.9","000000"
"03770099999","2014-01-25","51.5","-0.1166666","5.0","ST JAMES PARK, UK","  47.3","24","  41.7","24","9999.9"," 0","999.9"," 0","999.9"," 0","  0.0","24","999.9","999.9","  54.3"," ","  43.0","*"," 0.21","G","999.9","000000"
"03770099999","2014-01-26","51.5","-0.1166666","5.0","ST JAMES PARK, UK","  42.9","24","  36.4","24","9999.9"," 0","999.9"," 0","999.9"," 0","  0.0","24","999.9","999.9","  49.3"," ","  37.6","*"," 0.09","G","999.9","000000"
"03770099999","2014-01-27","51.5","-0.1166666","5.0","ST JAMES PARK, UK","  41.0","24","  34.6","24","9999.9"," 0","999.9"," 0","999.9"," 0","  0.0","24","999.9","999.9","  47.8"," ","  36.3"," "," 0.17","G","999.9","000000"
"03770099999","2014-01-28","51.5","-0.1166666","5.0","ST JAMES PARK, UK","  44.0","24","  38.4","24","9999.9"," 0","999.9"," 0","999.9"," 0","  0.0","24","999.9","999.9","  50.2"," ","  40.3"," "," 0.06","G","999.9","000000"
"03770099999","2014-01-29","51.5","-0.1166666","5.0","ST JAMES PARK, UK","  40.7","24","  37.6","24","9999.9"," 0","999.9"," 0","999.9"," 0","  0.0","24","999.9","999.9","  42.3","*","  39.4","*"," 0.17","G","999.9","000000"
"03770099999","2014-01-30","51.5","-0.1166666","5.0","ST JAMES PARK, UK","  40.5","24","  37.6","24","9999.9"," 0","999.9"," 0","999.9"," 0","  0.0","24","999.9","999.9","  43.7"," ","  37.4","*"," 0.51","G","999.9","000000"
"03770099999","2014-01-31","51.5","-0.1166666","5.0","ST JAMES PARK, UK","  41.9","24","  39.1","24","9999.9"," 0","999.9"," 0","999.9"," 0","  0.0","24","999.9","999.9","  48.4","*","  35.1"," "," 0.13","G","999.9","000000"
"03770099999","2014-02-01","51.5","-0.1166666","5.0","ST JAMES PARK, UK","  45.7","24","  37.7","24","9999.9"," 0","999.9"," 0","999.9"," 0","  0.0","24","999.9","999.9","  49.8","*","  41.4","*"," 0.10","G","999.9","000000"
"03770099999","2014-02-02","51.5","-0.1166666","5.0","ST JAMES PARK, UK","  45.7","24","  36.6","24","9999.9"," 0","999.9"," 0","999.9"," 0","  0.0","24","999.9","999.9","  50.4"," ","  42.6","*"," 0.29","G","999.9","000000"
"03770099999","2014-02-03","51.5","-0.1166666","5.0","ST JAMES PARK, UK","  43.7","24","  37.1","24","9999.9"," 0","999.9"," 0","999.9"," 0","  0.0","24","999.9","999.9","  48.0"," ","  40.6"," "," 0.07","G","999.9","000000"
"03770099999","2014-02-04","51.5","-0.1166666","5.0","ST JAMES PARK, UK","  44.9","24","  36.7","24","9999.9"," 0","999.9"," 0","999.9"," 0","  0.0","24","999.9","999.9","  49.8"," ","  40.1","*"," 0.00","G","999.9","000000"
"03770099999","2014-02-05","51.5","-0.1166666","5.0","ST JAMES PARK, UK","  46.8","24","  39.4","24","9999.9"," 0","999.9"," 0","999.9"," 0","  0.0","24","999.9","999.9","  50.4"," ","  42.1"," "," 0.00","I","999.9","000000"
"03770099999","2014-02-06","51.5","-0.1166666","5.0","ST JAMES PARK, UK","  46.5","24","  40.8","24","9999.9"," 0","999.9"," 0","999.9"," 0","  0.0","24","999.9","999.9","  49.8","*","  42.6","*"," 0.20","F","999.9","000000"
"03770099999","2014-02-07","51.5","-0.1166666","5.0","ST JAMES PARK, UK","  46.5","24","  39.6","24","9999.9"," 0","999.9"," 0","999.9"," 0","  0.0","24","999.9","999.9","  50.0","*","  40.3","*"," 0.47","G","999.9","000000"
"03770099999","2014-02-08","51.5","-0.1166666","5.0","ST JAMES PARK, UK","  46.5","24","  39.3","24","9999.9"," 0","999.9"," 0","999.9"," 0","  0.0","24","999.9","999.9","  49.3"," ","  44.1","*"," 0.24","G","999.9","000000"
"03770099999","2014-02-09","51.5","-0.1166666","5.0","ST JAMES PARK, UK","  44.7","24","  33.4","24","9999.9"," 0","999.9"," 0","999.9"," 0","  0.0","24","999.9","999.9","  47.7"," ","  41.4","*"," 0.11","G","999.9","000000"
"03770099999","2014-02-10","51.5","-0.1166666","5.0","ST JAMES PARK, UK","  42.7","24","  37.3","24","9999.9"," 0","999.9"," 0","999.9"," 0","  0.0","24","999.9","999.9","  50.2"," ","  39.7","*"," 0.06","G","999.9","000000"
"03770099999","2014-02-11","51.5","-0.1166666","5.0","ST JAMES PARK, UK","  42.2","24","  34.5","24","9999.9"," 0","999.9"," 0","999.9"," 0","  0.0","24","999.9","999.9","  48.0"," ","  36.9"," "," 0.07","G","999.9","000000"
"03770099999","2014-02-12","51.5","-0.1166666","5.0","ST JAMES PARK, UK","  43.5","24","  35.4","24","9999.9"," 0","999.9"," 0","999.9"," 0","  0.0","24","999.9","999.9","  48.6"," ","  37.2"," "," 0.10","G","999.9","000000"
"03770099999","2014-02-13","51.5","-0.1166666","5.0","ST JAMES PARK, UK","  42.5","24","  31.8","24","9999.9"," 0","999.9"," 0","999.9"," 0","  0.0","24","999.9","999.9","  47.3"," ","  39.6"," "," 0.24","G","999.9","000000"
"03770099999","2014-02-14","51.5","-0.1166666","5.0","ST JAMES PARK, UK","  45.0","24","  39.2","24","9999.9"," 0","999.9"," 0","999.9"," 0","  0.0","24","999.9","999.9","  54.3","*","  38.5"," "," 0.00","G","999.9","000000"
"03770099999","2014-02-15","51.5","-0.1166666","5.0","ST JAMES PARK, UK","  47.5","24","  37.3","24","9999.9"," 0","999.9"," 0","999.9"," 0","  0.0","24","999.9","999.9","  50.5"," ","  41.9","*"," 0.46","G","999.9","000000"
"03770099999","2014-02-16","51.5","-0.1166666","5.0","ST JAMES PARK, UK","  43.2","24","  35.3","24","9999.9"," 0","999.9"," 0","999.9"," 0","  0.0","24","999.9","999.9","  51.4"," ","  35.8","*"," 0.02","G","999.9","000000"
"03770099999","2014-02-17","51.5","-0.1166666","5.0","ST JAMES PARK, UK","  46.7","24","  41.1","24","9999.9"," 0","999.9"," 0","999.9"," 0","  0.0","24","999.9","999.9","  52.2"," ","  40.6"," "," 0.01","G","999.9","000000"
"03770099999","2014-02-18","51.5","-0.1166666","5.0","ST JAMES PARK, UK","  47.4","24","  43.2","24","9999.9"," 0","999.9"," 0","999.9"," 0","  0.0","24","999.9","999.9","  51.8"," ","  43.3","*"," 0.13","G","999.9","000000"
"03770099999","2014-02-19","51.5","-0.1166666","5.0","ST JAMES PARK, UK","  46.2","24","  42.0","24","9999.9"," 0","999.9"," 0","999.9"," 0","  0.0","24","999.9","999.9","  51.6"," ","  41.4"," "," 0.07","G","999.9","000000"
"03770099999","2014-02-20","51.5","-0.1166666","5.0","ST JAMES PARK, UK","  50.4","24","  45.3","24","9999.9"," 0","999.9"," 0","999.9"," 0","  0.0","24","999.9","999.9","  55.9"," ","  44.4","*"," 0.02","G","999.9","000000"
"03770099999","2014-02-21","51.5","-0.1166666","5.0","ST JAMES PARK, UK","  44.6","24","  35.3","24","9999.9"," 0","999.9"," 0","999.9"," 0","  0.0","24","999.9","999.9","  52.5"," ","  38.3"," "," 0.02","G","999.9","000000"
"03770099999","2014-02-22","51.5","-0.1166666","5.0","ST JAMES PARK, UK","  46.5","24","  36.7","24","9999.9"," 0","999.9"," 0","999.9"," 0","  0.0","24","999.9","999.9","  53.8"," ","  40.6","*"," 0.00","G","999.9","000000"
"03770099999","2014-02-23","51.5","-0.1166666","5.0","ST JAMES PARK, UK","  51.0","24","  42.9","24","9999.9"," 0","999.9"," 0","999.9"," 0","  0.0","24","999.9","999.9","  54.0"," ","  45.1"," "," 0.00","G","999.9","000000"
"03770099999","2014-02-24","51.5","-0.1166666","5.0","ST JAMES PARK, UK","  51.7","24","  42.7","24","9999.9"," 0","999.9"," 0","999.9"," 0","  0.0","24","999.9","999.9","  58.8"," ","  46.6"," "," 0.00","G","999.9","000000"
"03770099999","2014-02-25","51.5","-0.1166666","5.0","ST JAMES PARK, UK","  48.5","24","  41.2","24","9999.9"," 0","999.9"," 0","999.9"," 0","  0.0","24","999.9","999.9","  52.9","*","  44.6","*"," 0.19","G","999.9","000000"
"03770099999","2014-02-26","51.5","-0.1166666","5.0","ST JAMES PARK, UK","  46.1","24","  36.9","24","9999.9"," 0","999.9"," 0","999.9"," 0","  0.0","24","999.9","999.9","  53.8"," ","  39.7","*"," 0.04","G","999.9","000000"
"03770099999","2014-02-27","51.5","-0.1166666","5.0","ST JAMES PARK, UK","  46.2","24","  37.6","24","9999.9"," 0","999.9"," 0","999.9"," 0","  0.0","24","999.9","999.9","  52.7"," ","  39.9","*"," 0.06","G","999.9","000000"
"03770099999","2014-02-28","51.5","-0.1166666","5.0","ST JAMES PARK, UK","  42.1","24","  37.6","24","9999.9"," 0","999.9"," 0","999.9"," 0","  0.0","24","999.9","999.9","  46.6"," ","  38.3"," "," 0.08","G","999.9","000000"
"03770099999","2014-03-01","51.5","-0.1166666","5.0","ST JAMES PARK, UK","  42.7","24","  34.3","24","9999.9"," 0","999.9"," 0","999.9"," 0","  0.0","24","999.9","999.9","  50.5"," ","  37.9","*"," 0.27","G","999.9","000000"
"03770099999","2014-03-02","51.5","-0.1166666","5.0","ST JAMES PARK, UK","  44.9","24","  39.5","24","9999.9"," 0","999.9"," 0","999.9"," 0","  0.0","24","999.9","999.9","  51.3"," ","  37.0"," "," 0.02","G","999.9","000000"
"03770099999","2014-03-03","51.5","-0.1166666","5.0","ST JAMES PARK, UK","  43.4","24","  38.7","24","9999.9"," 0","999.9"," 0","999.9"," 0","  0.0","24","999.9","999.9","  48.9"," ","  38.1","*"," 0.37","G","999.9","000000"
"03770099999","2014-03-04","51.5","-0.1166666","5.0","ST JAMES PARK, UK","  42.8","24","  36.2","24","9999.9"," 0","999.9"," 0","999.9"," 0","  0.0","24","999.9","999.9","  51.6"," ","  35.1","*"," 0.09","G","999.9","000000"
"03770099999","2014-03-05","51.5","-0.1166666","5.0","ST JAMES PARK, UK","  45.1","24","  36.0","24","9999.9"," 0","999.9"," 0","999.9"," 0","  0.0","24","999.9","999.9","  56.5"," ","  34.3"," "," 0.00","G","999.9","000000"
"03770099999","2014-03-06","51.5","-0.1166666","5.0","ST JAMES PARK, UK","  48.8","24","  41.2","24","9999.9"," 0","999.9"," 0","999.9"," 0","  0.0","24","999.9","999.9","  57.4"," ","  42.4"," "," 0.01","G","999.9","000000"
"03770099999","2014-03-07","51.5","-0.1166666","5.0","ST JAMES PARK, UK","  51.6","24","  42.9","24","9999.9"," 0","999.9"," 0","999.9"," 0","  0.0","24","999.9","999.9","  62.4"," ","  44.1"," "," 0.00","G","999.9","000000"
"03770099999","2014-03-08","51.5","-0.1166666","5.0","ST JAMES PARK, UK","  53.0","24","  39.7","24","9999.9"," 0","999.9"," 0","999.9"," 0","  0.0","24","999.9","999.9","  61.9"," ","  46.9"," "," 0.00","G","999.9","000000"
"03770099999","2014-03-09","51.5","-0.1166666","5.0","ST JAMES PARK, UK","  55.8","24","  39.6","24","9999.9"," 0","999.9"," 0","999.9"," 0","  0.0","24","999.9","999.9","  68.4"," ","  47.5","*"," 0.00","G","999.9","000000"
"03770099999","2014-03-10","51.5","-0.1166666","5.0","ST JAMES PARK, UK","  48.8","24","  40.7","24","9999.9"," 0","999.9"," 0","999.9"," 0","  0.0","24","999.9","999.9","  55.9"," ","  42.1"," "," 0.00","G","999.9","000000"
"03770099999","2014-03-11","51.5","-0.1166666","5.0","ST JAMES PARK, UK","  47.8","24","  40.5","24","9999.9"," 0","999.9"," 0","999.9"," 0","  0.0","24","999.9","999.9","  54.9"," ","  44.1"," "," 0.00","G","999.9","000000"
"03770099999","2014-03-12","51.5","-0.1166666","5.0","ST JAMES PARK, UK","  49.0","24","  40.5","24","9999.9"," 0","999.9"," 0","999.9"," 0","  0.0","24","999.9","999.9","  62.8"," ","  40.3","*"," 0.00","G","999.9","000000"
"03770099999","2014-03-13","51.5","-0.1166666","5.0","ST JAMES PARK, UK","  51.3","24","  41.5","24","9999.9"," 0","999.9"," 0","999.9"," 0","  0.0","24","999.9","999.9","  64.9"," ","  39.7"," "," 0.01","G","999.9","000000"
"03770099999","2014-03-14","51.5","-0.1166666","5.0","ST JAMES PARK, UK","  51.3","24","  40.7","24","9999.9"," 0","999.9"," 0","999.9"," 0","  0.0","24","999.9","999.9","  63.5"," ","  41.2","*"," 0.00","G","999.9","000000"
"03770099999","2014-03-15","51.5","-0.1166666","5.0","ST JAMES PARK, UK","  53.9","24","  40.4","24","9999.9"," 0","999.9"," 0","999.9"," 0","  0.0","24","999.9","999.9","  66.7"," ","  45.7"," "," 0.00","G","999.9","000000"
"03770099999","2014-03-16","51.5","-0.1166666","5.0","ST JAMES PARK, UK","  55.6","24","  42.3","24","9999.9"," 0","999.9"," 0","999.9"," 0","  0.0","24","999.9","999.9","  68.2"," ","  43.9"," "," 0.00","G","999.9","000000"
"03770099999","2014-03-17","51.5","-0.1166666","5.0","ST JAMES PARK, UK","  50.7","24","  42.5","24","9999.9"," 0","999.9"," 0","999.9"," 0","  0.0","24","999.9","999.9","  57.6"," ","  43.5"," "," 0.00","G","999.9","000000"
"03770099999","2014-03-18","51.5","-0.1166666","5.0","ST JAMES PARK, UK","  51.0","24","  41.4","24","9999.9"," 0","999.9"," 0","999.9"," 0","  0.0","24","999.9","999.9","  57.7"," ","  46.2"," "," 0.00","G","999.9","000000"
"03770099999","2014-03-19","51.5","-0.1166666","5.0","ST JAMES PARK, UK","  51.4","24","  41.3","24","9999.9"," 0","999.9"," 0","999.9"," 0","  0.0","24","999.9","999.9","  62.1"," ","  45.9","*"," 0.00","G","999.9","000000"
"03770099999","2014-03-20","51.5","-0.1166666","5.0","ST JAMES PARK, UK","  51.0","24","  44.2","24","9999.9"," 0","999.9"," 0","999.9"," 0","  0.0","24","999.9","999.9","  57.7"," ","  43.9"," "," 0.00","G","999.9","000000"
"03770099999","2014-03-21","51.5","-0.1166666","5.0","ST JAMES PARK, UK","  48.9","24","  37.9","24","9999.9"," 0","999.9"," 0","999.9"," 0","  0.0","24","999.9","999.9","  55.2"," ","  44.6","*"," 0.17","G","999.9","000000"
"03770099999","2014-03-22","51.5","-0.1166666","5.0","ST JAMES PARK, UK","  45.5","22","  35.2","22","9999.9"," 0","999.9"," 0","999.9"," 0","  0.0","22","999.9","999.9","  54.5"," ","  40.5","*"," 0.18","G","999.9","000000"
"03770099999","2014-03-23","51.5","-0.1166666","5.0","ST JAMES PARK, UK","  44.1","24","  33.3","24","9999.9"," 0","999.9"," 0","999.9"," 0","  0.0","24","999.9","999.9","  52.0"," ","  36.5"," "," 0.02","G","999.9","000000"
"03770099999","2014-03-24","51.5","-0.1166666","5.0","ST JAMES PARK, UK","  43.5","24","  32.1","24","9999.9"," 0","999.9"," 0","999.9"," 0","  0.0","24","999.9","999.9","  53.2"," ","  33.3"," "," 0.00","G","999.9","000000"
"03770099999","2014-03-25","51.5","-0.1166666","5.0","ST JAMES PARK, UK","  45.5","24","  37.8","24","9999.9"," 0","999.9"," 0","999.9"," 0","  0.0","24","999.9","999.9","  48.7"," ","  43.3"," "," 0.02","G","999.9","000000"
"03770099999","2014-03-26","51.5","-0.1166666","5.0","ST JAMES PARK, UK","  41.4","24","  34.9","24","9999.9"," 0","999.9"," 0","999.9"," 0","  0.0","24","999.9","999.9","  49.6"," ","  37.4"," "," 0.05","G","999.9","000000"
"03770099999","2014-03-27","51.5","-0.1166666","5.0","ST JAMES PARK, UK","  44.1","24","  35.4","24","9999.9"," 0","999.9"," 0","999.9"," 0","  0.0","24","999.9","999.9","  52.0"," ","  37.4"," "," 0.11","G","999.9","000000"
"03770099999","2014-03-28","51.5","-0.1166666","5.0","ST JAMES PARK, UK","  47.7","24","  38.5","24","9999.9"," 0","999.9"," 0","999.9"," 0","  0.0","24","999.9","999.9","  56.3"," ","  39.9"," "," 0.01","G","999.9","000000"
"03770099999","2014-03-29","51.5","-0.1166666","5.0","ST JAMES PARK, UK","  55.4","24","  41.8","24","9999.9"," 0","999.9"," 0","999.9"," 0","  0.0","24","999.9","999.9","  67.6"," ","  46.8"," "," 0.00","G","999.9","000000"
"03770099999","2014-03-30","51.5","-0.1166666","5.0","ST JAMES PARK, UK","  57.5","24","  42.5","24","9999.9"," 0","999.9"," 0","999.9"," 0","  0.0","24","999.9","999.9","  69.6"," ","  48.0"," "," 0.00","G","999.9","000000"
"03770099999","2014-03-31","51.5","-0.1166666","5.0","ST JAMES PARK, UK","  57.5","24","  45.5","24","9999.9"," 0","999.9"," 0","999.9"," 0","  0.0","24","999.9","999.9","  63.0"," ","  52.3"," "," 0.01","G","999.9","000000"
"03770099999","2014-04-01","51.5","-0.1166666","5.0","ST JAMES PARK, UK","  56.8","24","  48.2","24","9999.9"," 0","999.9"," 0","999.9"," 0","  0.0","24","999.9","999.9","  67.5"," ","  46.9"," "," 0.11","G","999.9","000000"
"03770099999","2014-04-02","51.5","-0.1166666","5.0","ST JAMES PARK, UK","  57.1","24","  48.2","24","9999.9"," 0","999.9"," 0","999.9"," 0","  0.0","24","999.9","999.9","  65.5"," ","  51.6"," "," 0.00","G","999.9","000000"
"03770099999","2014-04-03","51.5","-0.1166666","5.0","ST JAMES PARK, UK","  57.2","24","  49.0","24","9999.9"," 0","999.9"," 0","999.9"," 0","  0.0","24","999.9","999.9","  66.4"," ","  52.5"," "," 0.00","G","999.9","000000"
"03770099999","2014-04-04","51.5","-0.1166666","5.0","ST JAMES PARK, UK","  55.2","24","  46.2","24","9999.9"," 0","999.9"," 0","999.9"," 0","  0.0","24","999.9","999.9","  59.5"," ","  50.5","*"," 0.00","G","999.9","000000"
"03770099999","2014-04-05","51.5","-0.1166666","5.0","ST JAMES PARK, UK","  53.2","24","  47.1","24","9999.9"," 0","999.9"," 0","999.9"," 0","  0.0","24","999.9","999.9","  61.0"," ","  43.0"," "," 0.00","G","999.9","000000"
"03770099999","2014-04-06","51.5","-0.1166666","5.0","ST JAMES PARK, UK","  57.0","24","  53.5","24","9999.9"," 0","999.9"," 0","999.9"," 0","  0.0","24","999.9","999.9","  59.9"," ","  55.2","*"," 0.06","G","999.9","000000"
"03770099999","2014-04-07","51.5","-0.1166666","5.0","ST JAMES PARK, UK","  55.7","24","  51.2","24","9999.9"," 0","999.9"," 0","999.9"," 0","  0.0","24","999.9","999.9","  59.0"," ","  47.8","*"," 0.13","G","999.9","000000"
"03770099999","2014-04-08","51.5","-0.1166666","5.0","ST JAMES PARK, UK","  50.0","24","  37.1","24","9999.9"," 0","999.9"," 0","999.9"," 0","  0.0","24","999.9","999.9","  58.3"," ","  43.2"," "," 0.11","G","999.9","000000"
"03770099999","2014-04-09","51.5","-0.1166666","5.0","ST JAMES PARK, UK","  52.5","24","  41.2","24","9999.9"," 0","999.9"," 0","999.9"," 0","  0.0","24","999.9","999.9","  64.0"," ","  41.2"," "," 0.01","G","999.9","000000"
"03770099999","2014-04-10","51.5","-0.1166666","5.0","ST JAMES PARK, UK","  53.7","24","  40.0","24","9999.9"," 0","999.9"," 0","999.9"," 0","  0.0","24","999.9","999.9","  63.5"," ","  43.2"," "," 0.00","G","999.9","000000"
"03770099999","2014-04-11","51.5","-0.1166666","5.0","ST JAMES PARK, UK","  55.5","24","  38.1","24","9999.9"," 0","999.9"," 0","999.9"," 0","  0.0","24","999.9","999.9","  63.0"," ","  50.5","*"," 0.00","G","999.9","000000"
"03770099999","2014-04-12","51.5","-0.1166666","5.0","ST JAMES PARK, UK","  51.9","24","  41.2","24","9999.9"," 0","999.9"," 0","999.9"," 0","  0.0","24","999.9","999.9","  59.0"," ","  45.3"," "," 0.00","G","999.9","000000"
"03770099999","2014-04-13","51.5","-0.1166666","5.0","ST JAMES PARK, UK","  54.1","24","  40.6","24","9999.9"," 0","999.9"," 0","999.9"," 0","  0.0","24","999.9","999.9","  63.3"," ","  47.3"," "," 0.00","G","999.9","000000"
"03770099999","2014-04-14","51.5","-0.1166666","5.0","ST JAMES PARK, UK","  52.7","24","  37.2","24","9999.9"," 0","999.9"," 0","999.9"," 0","  0.0","24","999.9","999.9","  61.9"," ","  44.2"," "," 0.00","G","999.9","000000"
"03770099999","2014-04-15","51.5","-0.1166666","5.0","ST JAMES PARK, UK","  49.2","24","  34.7","24","9999.9"," 0","999.9"," 0","999.9"," 0","  0.0","24","999.9","999.9","  58.6"," ","  41.5"," "," 0.00","G","999.9","000000"
"03770099999","2014-04-16","51.5","-0.1166666","5.0","ST JAMES PARK, UK","  51.5","24","  34.7","24","9999.9"," 0","999.9"," 0","999.9"," 0","  0.0","24","999.9","999.9","  63.9"," ","  41.5"," "," 0.00","G","999.9","000000"
"03770099999","2014-04-17","51.5","-0.1166666","5.0","ST JAMES PARK, UK","  54.3","24","  39.8","24","9999.9"," 0","999.9"," 0","999.9"," 0","  0.0","24","999.9","999.9","  63.1"," ","  44.8"," "," 0.00","G","999.9","000000"
"03770099999","2014-04-18","51.5","-0.1166666","5.0","ST JAMES PARK, UK","  49.6","24","  35.1","24","9999.9"," 0","999.9"," 0","999.9"," 0","  0.0","24","999.9","999.9","  56.1"," ","  44.1"," "," 0.00","G","999.9","000000"
"03770099999","2014-04-19","51.5","-0.1166666","5.0","ST JAMES PARK, UK","  49.1","24","  35.4","24","9999.9"," 0","999.9"," 0","999.9"," 0","  0.0","24","999.9","999.9","  58.6"," ","  43.0"," "," 0.00","G","999.9","000000"
"03770099999","2014-04-20","51.5","-0.1166666","5.0","ST JAMES PARK, UK","  50.4","24","  46.6","24","9999.9"," 0","999.9"," 0","999.9"," 0","  0.0","24","999.9","999.9","  56.1"," ","  46.0"," "," 0.00","G","999.9","000000"
"03770099999","2014-04-21","51.5","-0.1166666","5.0","ST JAMES PARK, UK","  55.2","24","  47.2","24","9999.9"," 0","999.9"," 0","999.9"," 0","  0.0","24","999.9","999.9","  69.1"," ","  43.0"," "," 0.44","G","999.9","000000"
"03770099999","2014-04-22","51.5","-0.1166666","5.0","ST JAMES PARK, UK","  54.2","24","  47.9","24","9999.9"," 0","999.9"," 0","999.9"," 0","  0.0","24","999.9","999.9","  61.7"," ","  50.5"," "," 0.22","G","999.9","000000"
"03770099999","2014-04-23","51.5","-0.1166666","5.0","ST JAMES PARK, UK","  54.8","24","  46.4","24","9999.9"," 0","999.9"," 0","999.9"," 0","  0.0","24","999.9","999.9","  63.9"," ","  45.7"," "," 0.02","G","999.9","000000"
"03770099999","2014-04-24","51.5","-0.1166666","5.0","ST JAMES PARK, UK","  56.1","24","  47.2","24","9999.9"," 0","999.9"," 0","999.9"," 0","  0.0","24","999.9","999.9","  64.6"," ","  49.5"," "," 0.06","G","999.9","000000"
"03770099999","2014-04-25","51.5","-0.1166666","5.0","ST JAMES PARK, UK","  51.5","24","  48.2","24","9999.9"," 0","999.9"," 0","999.9"," 0","  0.0","24","999.9","999.9","  57.0"," ","  47.3","*"," 0.00","G","999.9","000000"
"03770099999","2014-04-26","51.5","-0.1166666","5.0","ST JAMES PARK, UK","  53.7","24","  44.1","24","9999.9"," 0","999.9"," 0","999.9"," 0","  0.0","24","999.9","999.9","  62.1"," ","  46.9"," "," 0.09","G","999.9","000000"
"03770099999","2014-04-27","51.5","-0.1166666","5.0","ST JAMES PARK, UK","  53.6","24","  45.0","24","9999.9"," 0","999.9"," 0","999.9"," 0","  0.0","24","999.9","999.9","  61.3"," ","  48.6"," "," 0.02","G","999.9","000000"
"03770099999","2014-04-28","51.5","-0.1166666","5.0","ST JAMES PARK, UK","  56.1","24","  46.7","24","9999.9"," 0","999.9"," 0","999.9"," 0","  0.0","24","999.9","999.9","  66.0"," ","  51.1"," "," 0.00","G","999.9","000000"
"03770099999","2014-04-29","51.5","-0.1166666","5.0","ST JAMES PARK, UK","  55.6","24","  48.3","24","9999.9"," 0","999.9"," 0","999.9"," 0","  0.0","24","999.9","999.9","  61.9"," ","  49.6"," "," 0.00","G","999.9","000000"
"03770099999","2014-04-30","51.5","-0.1166666","5.0","ST JAMES PARK, UK","  55.9","24","  45.9","24","9999.9"," 0","999.9"," 0","999.9"," 0","  0.0","24","999.9","999.9","  68.5"," ","  45.9"," "," 0.00","G","999.9","000000"
"03770099999","2014-05-01","51.5","-0.1166666","5.0","ST JAMES PARK, UK","  53.0","24","  50.1","24","9999.9"," 0","999.9"," 0","999.9"," 0","  0.0","24","999.9","999.9","  57.0"," ","  50.0"," "," 0.04","G","999.9","000000"
"03770099999","2014-05-02","51.5","-0.1166666","5.0","ST JAMES PARK, UK","  50.5","24","  42.9","24","9999.9"," 0","999.9"," 0","999.9"," 0","  0.0","24","999.9","999.9","  54.0"," ","  45.0","*"," 0.41","G","999.9","000000"
"03770099999","2014-05-03","51.5","-0.1166666","5.0","ST JAMES PARK, UK","  48.9","24","  33.3","24","9999.9"," 0","999.9"," 0","999.9"," 0","  0.0","24","999.9","999.9","  58.5"," ","  38.1"," "," 0.00","G","999.9","000000"
"03770099999","2014-05-04","51.5","-0.1166666","5.0","ST JAMES PARK, UK","  52.6","24","  38.6","24","9999.9"," 0","999.9"," 0","999.9"," 0","  0.0","24","999.9","999.9","  63.9"," ","  42.3"," "," 0.00","G","999.9","000000"
"03770099999","2014-05-05","51.5","-0.1166666","5.0","ST JAMES PARK, UK","  56.6","24","  40.8","24","9999.9"," 0","999.9"," 0","999.9"," 0","  0.0","24","999.9","999.9","  66.7"," ","  44.1"," "," 0.00","G","999.9","000000"
"03770099999","2014-05-06","51.5","-0.1166666","5.0","ST JAMES PARK, UK","  58.7","22","  45.9","22","9999.9"," 0","999.9"," 0","999.9"," 0","  0.0","22","999.9","999.9","  67.3"," ","  54.1"," "," 0.01","G","999.9","000000"
"03770099999","2014-05-07","51.5","-0.1166666","5.0","ST JAMES PARK, UK","  56.1","23","  45.1","23","9999.9"," 0","999.9"," 0","999.9"," 0","  0.0","23","999.9","999.9","  63.5"," ","  52.3"," "," 0.00","G","999.9","000000"
"03770099999","2014-05-08","51.5","-0.1166666","5.0","ST JAMES PARK, UK","  55.6","24","  49.9","24","9999.9"," 0","999.9"," 0","999.9"," 0","  0.0","24","999.9","999.9","  59.9"," ","  52.5","*"," 0.03","G","999.9","000000"
"03770099999","2014-05-09","51.5","-0.1166666","5.0","ST JAMES PARK, UK","  57.5","24","  44.0","24","9999.9"," 0","999.9"," 0","999.9"," 0","  0.0","24","999.9","999.9","  63.9"," ","  53.1"," "," 0.20","G","999.9","000000"
"03770099999","2014-05-10","51.5","-0.1166666","5.0","ST JAMES PARK, UK","  55.5","24","  47.8","24","9999.9"," 0","999.9"," 0","999.9"," 0","  0.0","24","999.9","999.9","  63.9"," ","  51.3"," "," 0.15","G","999.9","000000"
"03770099999","2014-05-11","51.5","-0.1166666","5.0","ST JAMES PARK, UK","  52.7","24","  41.2","24","9999.9"," 0","999.9"," 0","999.9"," 0","  0.0","24","999.9","999.9","  57.7"," ","  48.6"," "," 0.13","G","999.9","000000"
"03770099999","2014-05-12","51.5","-0.1166666","5.0","ST JAMES PARK, UK","  53.8","24","  42.3","24","9999.9"," 0","999.9"," 0","999.9"," 0","  0.0","24","999.9","999.9","  64.4"," ","  47.8","*"," 0.00","G","999.9","000000"
"03770099999","2014-05-13","51.5","-0.1166666","5.0","ST JAMES PARK, UK","  51.5","24","  46.1","24","9999.9"," 0","999.9"," 0","999.9"," 0","  0.0","24","999.9","999.9","  61.2"," ","  45.7"," "," 0.17","G","999.9","000000"
"03770099999","2014-05-14","51.5","-0.1166666","5.0","ST JAMES PARK, UK","  56.4","24","  43.6","24","9999.9"," 0","999.9"," 0","999.9"," 0","  0.0","24","999.9","999.9","  66.7"," ","  45.1"," "," 0.39","G","999.9","000000"
"03770099999","2014-05-15","51.5","-0.1166666","5.0","ST JAMES PARK, UK","  58.6","24","  44.9","12","9999.9"," 0","999.9"," 0","999.9"," 0","  0.0","24","999.9","999.9","  68.7","*","  46.2"," "," 0.00","G","999.9","000000"
"03770099999","2014-05-16","51.5","-0.1166666","5.0","ST JAMES PARK, UK","  61.1","24","  47.1","24","9999.9"," 0","999.9"," 0","999.9"," 0","  0.0","24","999.9","999.9","  71.6"," ","  47.7"," "," 0.01","G","999.9","000000"
"03770099999","2014-05-17","51.5","-0.1166666","5.0","ST JAMES PARK, UK","  63.6","24","  51.6","24","9999.9"," 0","999.9"," 0","999.9"," 0","  0.0","24","999.9","999.9","  74.1"," ","  52.2"," "," 0.00","G","999.9","000000"
"03770099999","2014-05-18","51.5","-0.1166666","5.0","ST JAMES PARK, UK","  65.4","24","  49.6","24","9999.9"," 0","999.9"," 0","999.9"," 0","  0.0","24","999.9","999.9","  76.1"," ","  53.1"," "," 0.00","G","999.9","000000"
"03770099999","2014-05-19","51.5","-0.1166666","5.0","ST JAMES PARK, UK","  67.4","24","  51.0","24","9999.9"," 0","999.9"," 0","999.9"," 0","  0.0","24","999.9","999.9","  78.3"," ","  56.7"," "," 0.00","G","999.9","000000"
"03770099999","2014-05-20","51.5","-0.1166666","5.0","ST JAMES PARK, UK","  63.1","24","  52.1","24","9999.9"," 0","999.9"," 0","999.9"," 0","  0.0","24","999.9","999.9","  70.2"," ","  56.7","*"," 0.00","G","999.9","000000"
"03770099999","2014-05-21","51.5","-0.1166666","5.0","ST JAMES PARK, UK","  59.4","24","  47.9","24","9999.9"," 0","999.9"," 0","999.9"," 0","  0.0","24","999.9","999.9","  66.4"," ","  50.9"," "," 0.00","G","999.9","000000"
"03770099999","2014-05-22","51.5","-0.1166666","5.0","ST JAMES PARK, UK","  58.7","24","  51.1","24","9999.9"," 0","999.9"," 0","999.9"," 0","  0.0","24","999.9","999.9","  66.2"," ","  52.9","*"," 0.23","G","999.9","000000"
"03770099999","2014-05-23","51.5","-0.1166666","5.0","ST JAMES PARK, UK","  58.0","24","  45.6","24","9999.9"," 0","999.9"," 0","999.9"," 0","  0.0","24","999.9","999.9","  63.9"," ","  54.5"," "," 0.24","G","999.9","000000"
"03770099999","2014-05-24","51.5","-0.1166666","5.0","ST JAMES PARK, UK","  54.9","24","  47.9","24","9999.9"," 0","999.9"," 0","999.9"," 0","  0.0","24","999.9","999.9","  60.3"," ","  52.0","*"," 0.10","G","999.9","000000"
"03770099999","2014-05-25","51.5","-0.1166666","5.0","ST JAMES PARK, UK","  57.4","24","  44.1","24","9999.9"," 0","999.9"," 0","999.9"," 0","  0.0","24","999.9","999.9","  65.1"," ","  50.4"," "," 0.24","G","999.9","000000"
"03770099999","2014-05-26","51.5","-0.1166666","5.0","ST JAMES PARK, UK","  54.4","24","  49.1","24","9999.9"," 0","999.9"," 0","999.9"," 0","  0.0","24","999.9","999.9","  59.9"," ","  49.1"," "," 0.17","G","999.9","000000"
"03770099999","2014-05-27","51.5","-0.1166666","5.0","ST JAMES PARK, UK","  54.6","24","  51.4","24","9999.9"," 0","999.9"," 0","999.9"," 0","  0.0","24","999.9","999.9","  57.2"," ","  50.9","*"," 0.24","G","999.9","000000"
"03770099999","2014-05-28","51.5","-0.1166666","5.0","ST JAMES PARK, UK","  54.7","24","  51.9","24","9999.9"," 0","999.9"," 0","999.9"," 0","  0.0","24","999.9","999.9","  58.8"," ","  50.4"," "," 0.56","G","999.9","000000"
"03770099999","2014-05-29","51.5","-0.1166666","5.0","ST JAMES PARK, UK","  59.4","24","  53.4","24","9999.9"," 0","999.9"," 0","999.9"," 0","  0.0","24","999.9","999.9","  65.7"," ","  56.1"," "," 0.04","G","999.9","000000"
"03770099999","2014-05-30","51.5","-0.1166666","5.0","ST JAMES PARK, UK","  57.1","24","  48.6","24","9999.9"," 0","999.9"," 0","999.9"," 0","  0.0","24","999.9","999.9","  61.7"," ","  51.3","*"," 0.08","G","999.9","000000"
"03770099999","2014-05-31","51.5","-0.1166666","5.0","ST JAMES PARK, UK","  58.5","24","  45.8","24","9999.9"," 0","999.9"," 0","999.9"," 0","  0.0","24","999.9","999.9","  66.9"," ","  47.8"," "," 0.00","G","999.9","000000"
"03770099999","2014-06-01","51.5","-0.1166666","5.0","ST JAMES PARK, UK","  62.6","24","  47.7","24","9999.9"," 0","999.9"," 0","999.9"," 0","  0.0","24","999.9","999.9","  71.4"," ","  54.5"," "," 0.00","G","999.9","000000"
"03770099999","2014-06-02","51.5","-0.1166666","5.0","ST JAMES PARK, UK","  62.7","24","  52.0","24","9999.9"," 0","999.9"," 0","999.9"," 0","  0.0","24","999.9","999.9","  71.4"," ","  55.2"," "," 0.03","G","999.9","000000"
"03770099999","2014-06-03","51.5","-0.1166666","5.0","ST JAMES PARK, UK","  59.2","24","  52.1","24","9999.9"," 0","999.9"," 0","999.9"," 0","  0.0","24","999.9","999.9","  67.6"," ","  55.4"," "," 0.00","G","999.9","000000"
"03770099999","2014-06-04","51.5","-0.1166666","5.0","ST JAMES PARK, UK","  54.1","24","  47.9","24","9999.9"," 0","999.9"," 0","999.9"," 0","  0.0","24","999.9","999.9","  59.0"," ","  46.4","*"," 0.20","G","999.9","000000"
"03770099999","2014-06-05","51.5","-0.1166666","5.0","ST JAMES PARK, UK","  57.6","24","  44.8","24","9999.9"," 0","999.9"," 0","999.9"," 0","  0.0","24","999.9","999.9","  67.3"," ","  46.2"," "," 0.13","G","999.9","000000"
"03770099999","2014-06-06","51.5","-0.1166666","5.0","ST JAMES PARK, UK","  61.4","24","  47.0","24","9999.9"," 0","999.9"," 0","999.9"," 0","  0.0","24","999.9","999.9","  74.8"," ","  46.0"," "," 0.00","G","999.9","000000"
"03770099999","2014-06-07","51.5","-0.1166666","5.0","ST JAMES PARK, UK","  64.7","24","  55.0","24","9999.9"," 0","999.9"," 0","999.9"," 0","  0.0","24","999.9","999.9","  73.0"," ","  59.2"," "," 0.00","G","999.9","000000"
"03770099999","2014-06-08","51.5","-0.1166666","5.0","ST JAMES PARK, UK","  66.6","24","  51.6","24","9999.9"," 0","999.9"," 0","999.9"," 0","  0.0","24","999.9","999.9","  76.8"," ","  54.9"," "," 0.18","G","999.9","000000"
"03770099999","2014-06-09","51.5","-0.1166666","5.0","ST JAMES PARK, UK","  67.7","24","  56.7","24","9999.9"," 0","999.9"," 0","999.9"," 0","  0.0","24","999.9","999.9","  78.4"," ","  59.5"," "," 0.00","G","999.9","000000"
"03770099999","2014-06-10","51.5","-0.1166666","5.0","ST JAMES PARK, UK","  64.1","24","  51.0","24","9999.9"," 0","999.9"," 0","999.9"," 0","  0.0","24","999.9","999.9","  72.7"," ","  55.8"," "," 0.14","G","999.9","000000"
"03770099999","2014-06-11","51.5","-0.1166666","5.0","ST JAMES PARK, UK","  63.3","24","  49.4","24","9999.9"," 0","999.9"," 0","999.9"," 0","  0.0","24","999.9","999.9","  72.0"," ","  53.4"," "," 0.01","G","999.9","000000"
"03770099999","2014-06-12","51.5","-0.1166666","5.0","ST JAMES PARK, UK","  67.2","22","  51.0","22","9999.9"," 0","999.9"," 0","999.9"," 0","  0.0","22","999.9","999.9","  79.0"," ","  54.1"," "," 0.00","G","999.9","000000"
"03770099999","2014-06-13","51.5","-0.1166666","5.0","ST JAMES PARK, UK","  68.4","24","  52.1","24","9999.9"," 0","999.9"," 0","999.9"," 0","  0.0","24","999.9","999.9","  78.6"," ","  56.5"," "," 0.00","G","999.9","000000"
"03770099999","2014-06-14","51.5","-0.1166666","5.0","ST JAMES PARK, UK","  64.6","24","  54.3","24","9999.9"," 0","999.9"," 0","999.9"," 0","  0.0","24","999.9","999.9","  70.7"," ","  57.9","*"," 0.03","G","999.9","000000"
"03770099999","2014-06-15","51.5","-0.1166666","5.0","ST JAMES PARK, UK","  60.2","24","  50.1","24","9999.9"," 0","999.9"," 0","999.9"," 0","  0.0","24","999.9","999.9","  64.9"," ","  57.0"," "," 0.00","G","999.9","000000"
"03770099999","2014-06-16","51.5","-0.1166666","5.0","ST JAMES PARK, UK","  59.2","24","  49.2","24","9999.9"," 0","999.9"," 0","999.9"," 0","  0.0","24","999.9","999.9","  63.9"," ","  56.1"," "," 0.00","G","999.9","000000"
"03770099999","2014-06-17","51.5","-0.1166666","5.0","ST JAMES PARK, UK","  61.8","24","  46.8","24","9999.9"," 0","999.9"," 0","999.9"," 0","  0.0","24","999.9","999.9","  70.7"," ","  55.9"," "," 0.00","G","999.9","000000"
"03770099999","2014-06-18","51.5","-0.1166666","5.0","ST JAMES PARK, UK","  63.0","24","  52.6","24","9999.9"," 0","999.9"," 0","999.9"," 0","  0.0","24","999.9","999.9","  72.5"," ","  56.3"," "," 0.00","G","999.9","000000"
"03770099999","2014-06-19","51.5","-0.1166666","5.0","ST JAMES PARK, UK","  61.3","24","  53.4","24","9999.9"," 0","999.9"," 0","999.9"," 0","  0.0","24","999.9","999.9","  69.6"," ","  53.1"," "," 0.01","G","999.9","000000"
"03770099999","2014-06-20","51.5","-0.1166666","5.0","ST JAMES PARK, UK","  62.6","24","  47.7","24","9999.9"," 0","999.9"," 0","999.9"," 0","  0.0","24","999.9","999.9","  73.6"," ","  52.5"," "," 0.00","G","999.9","000000"
"03770099999","2014-06-21","51.5","-0.1166666","5.0","ST JAMES PARK, UK","  66.1","24","  49.1","24","9999.9"," 0","999.9"," 0","999.9"," 0","  0.0","24","999.9","999.9","  75.4"," ","  56.7"," "," 0.00","G","999.9","000000"
"03770099999","2014-06-22","51.5","-0.1166666","5.0","ST JAMES PARK, UK","  66.8","24","  51.9","24","9999.9"," 0","999.9"," 0","999.9"," 0","  0.0","24","999.9","999.9","  75.9"," ","  57.7"," "," 0.00","G","999.9","000000"
"03770099999","2014-06-23","51.5","-0.1166666","5.0","ST JAMES PARK, UK","  66.6","24","  51.0","24","9999.9"," 0","999.9"," 0","999.9"," 0","  0.0","24","999.9","999.9","  76.6"," ","  56.8"," "," 0.00","G","999.9","000000"
"03770099999","2014-06-24","51.5","-0.1166666","5.0","ST JAMES PARK, UK","  66.0","24","  54.6","24","9999.9"," 0","999.9"," 0","999.9"," 0","  0.0","24","999.9","999.9","  76.5"," ","  58.5"," "," 0.03","G","999.9","000000"
"03770099999","2014-06-25","51.5","-0.1166666","5.0","ST JAMES PARK, UK","  61.6","24","  45.5","24","9999.9"," 0","999.9"," 0","999.9"," 0","  0.0","24","999.9","999.9","  71.1"," ","  53.2"," "," 0.01","G","999.9","000000"
"03770099999","2014-06-26","51.5","-0.1166666","5.0","ST JAMES PARK, UK","  61.2","24","  47.5","24","9999.9"," 0","999.9"," 0","999.9"," 0","  0.0","24","999.9","999.9","  70.9"," ","  50.9"," "," 0.00","G","999.9","000000"
"03770099999","2014-06-27","51.5","-0.1166666","5.0","ST JAMES PARK, UK","  63.7","24","  52.7","24","9999.9"," 0","999.9"," 0","999.9"," 0","  0.0","24","999.9","999.9","  72.3"," ","  56.8"," "," 0.08","G","999.9","000000"
"03770099999","2014-06-28","51.5","-0.1166666","5.0","ST JAMES PARK, UK","  59.6","24","  52.7","24","9999.9"," 0","999.9"," 0","999.9"," 0","  0.0","24","999.9","999.9","  65.5"," ","  55.2"," "," 0.00","G","999.9","000000"
"03770099999","2014-06-29","51.5","-0.1166666","5.0","ST JAMES PARK, UK","  58.9","24","  48.9","24","9999.9"," 0","999.9"," 0","999.9"," 0","  0.0","24","999.9","999.9","  67.5"," ","  53.6","*"," 0.37","G","999.9","000000"
"03770099999","2014-06-30","51.5","-0.1166666","5.0","ST JAMES PARK, UK","  59.8","24","  49.9","24","9999.9"," 0","999.9"," 0","999.9"," 0","  0.0","24","999.9","999.9","  69.6"," ","  50.5"," "," 0.02","G","999.9","000000"
"03770099999","2014-07-01","51.5","-0.1166666","5.0","ST JAMES PARK, UK","  63.8","24","  47.1","24","9999.9"," 0","999.9"," 0","999.9"," 0","  0.0","24","999.9","999.9","  73.2"," ","  54.7"," "," 0.06","G","999.9","000000"
"03770099999","2014-07-02","51.5","-0.1166666","5.0","ST JAMES PARK, UK","  65.0","24","  49.9","24","9999.9"," 0","999.9"," 0","999.9"," 0","  0.0","24","999.9","999.9","  76.5"," ","  52.3"," "," 0.00","G","999.9","000000"
"03770099999","2014-07-03","51.5","-0.1166666","5.0","ST JAMES PARK, UK","  68.9","24","  48.6","24","9999.9"," 0","999.9"," 0","999.9"," 0","  0.0","24","999.9","999.9","  79.2"," ","  57.6"," "," 0.00","G","999.9","000000"
"03770099999","2014-07-04","51.5","-0.1166666","5.0","ST JAMES PARK, UK","  68.5","24","  53.8","24","9999.9"," 0","999.9"," 0","999.9"," 0","  0.0","24","999.9","999.9","  80.4"," ","  59.0"," "," 0.00","G","999.9","000000"
"03770099999","2014-07-05","51.5","-0.1166666","5.0","ST JAMES PARK, UK","  64.5","24","  57.9","24","9999.9"," 0","999.9"," 0","999.9"," 0","  0.0","24","999.9","999.9","  70.7"," ","  61.9","*"," 0.10","G","999.9","000000"
"03770099999","2014-07-06","51.5","-0.1166666","5.0","ST JAMES PARK, UK","  62.1","24","  51.7","24","9999.9"," 0","999.9"," 0","999.9"," 0","  0.0","24","999.9","999.9","  71.1"," ","  55.2","*"," 0.02","G","999.9","000000"
"03770099999","2014-07-07","51.5","-0.1166666","5.0","ST JAMES PARK, UK","  61.3","24","  50.6","24","9999.9"," 0","999.9"," 0","999.9"," 0","  0.0","24","999.9","999.9","  70.9"," ","  52.0"," "," 0.11","G","999.9","000000"
"03770099999","2014-07-08","51.5","-0.1166666","5.0","ST JAMES PARK, UK","  60.3","24","  52.2","24","9999.9"," 0","999.9"," 0","999.9"," 0","  0.0","24","999.9","999.9","  67.5"," ","  53.1"," "," 0.02","G","999.9","000000"
"03770099999","2014-07-09","51.5","-0.1166666","5.0","ST JAMES PARK, UK","  65.2","24","  49.4","24","9999.9"," 0","999.9"," 0","999.9"," 0","  0.0","24","999.9","999.9","  74.8"," ","  55.8"," "," 0.04","G","999.9","000000"
"03770099999","2014-07-10","51.5","-0.1166666","5.0","ST JAMES PARK, UK","  61.7","24","  52.0","24","9999.9"," 0","999.9"," 0","999.9"," 0","  0.0","24","999.9","999.9","  64.2"," ","  58.6","*"," 0.00","G","999.9","000000"
"03770099999","2014-07-11","51.5","-0.1166666","5.0","ST JAMES PARK, UK","  61.1","24","  56.3","24","9999.9"," 0","999.9"," 0","999.9"," 0","  0.0","24","999.9","999.9","  68.2"," ","  55.8"," "," 0.02","G","999.9","000000"
"03770099999","2014-07-12","51.5","-0.1166666","5.0","ST JAMES PARK, UK","  64.5","17","  57.9","17","9999.9"," 0","999.9"," 0","999.9"," 0","  0.0","17","999.9","999.9","  75.0","*","  59.5"," "," 0.16","G","999.9","000000"
"03770099999","2014-07-13","51.5","-0.1166666","5.0","ST JAMES PARK, UK","  68.0","22","  58.4","22","9999.9"," 0","999.9"," 0","999.9"," 0","  0.0","22","999.9","999.9","  77.9"," ","  61.7","*"," 0.05","G","999.9","000000"
"03770099999","2014-07-14","51.5","-0.1166666","5.0","ST JAMES PARK, UK","  65.7","24","  50.3","24","9999.9"," 0","999.9"," 0","999.9"," 0","  0.0","24","999.9","999.9","  75.9"," ","  54.7"," "," 0.04","G","999.9","000000"
"03770099999","2014-07-15","51.5","-0.1166666","5.0","ST JAMES PARK, UK","  70.1","23","  56.1","23","9999.9"," 0","999.9"," 0","999.9"," 0","  0.0","23","999.9","999.9","  78.4"," ","  64.2"," "," 0.00","G","999.9","000000"
"03770099999","2014-07-16","51.5","-0.1166666","5.0","ST JAMES PARK, UK","  69.7","24","  56.4","24","9999.9"," 0","999.9"," 0","999.9"," 0","  0.0","24","999.9","999.9","  80.8"," ","  56.7"," "," 0.00","G","999.9","000000"
"03770099999","2014-07-17","51.5","-0.1166666","5.0","ST JAMES PARK, UK","  72.5","24","  59.6","24","9999.9"," 0","999.9"," 0","999.9"," 0","  0.0","24","999.9","999.9","  82.2"," ","  63.0"," "," 0.00","G","999.9","000000"
"03770099999","2014-07-18","51.5","-0.1166666","5.0","ST JAMES PARK, UK","  76.2","24","  61.7","24","9999.9"," 0","999.9"," 0","999.9"," 0","  0.0","24","999.9","999.9","  89.2"," ","  65.1"," "," 0.11","G","999.9","000000"
"03770099999","2014-07-19","51.5","-0.1166666","5.0","ST JAMES PARK, UK","  73.6","24","  62.8","24","9999.9"," 0","999.9"," 0","999.9"," 0","  0.0","24","999.9","999.9","  83.3"," ","  66.7"," "," 0.09","G","999.9","000000"
"03770099999","2014-07-20","51.5","-0.1166666","5.0","ST JAMES PARK, UK","  69.8","24","  62.3","24","9999.9"," 0","999.9"," 0","999.9"," 0","  0.0","24","999.9","999.9","  78.1"," ","  64.4"," "," 0.08","G","999.9","000000"
"03770099999","2014-07-21","51.5","-0.1166666","5.0","ST JAMES PARK, UK","  70.9","24","  59.5","24","9999.9"," 0","999.9"," 0","999.9"," 0","  0.0","24","999.9","999.9","  80.2"," ","  63.3"," "," 0.02","G","999.9","000000"
"03770099999","2014-07-22","51.5","-0.1166666","5.0","ST JAMES PARK, UK","  70.5","24","  58.8","24","9999.9"," 0","999.9"," 0","999.9"," 0","  0.0","24","999.9","999.9","  80.8"," ","  59.9"," "," 0.02","G","999.9","000000"
"03770099999","2014-07-23","51.5","-0.1166666","5.0","ST JAMES PARK, UK","  71.7","24","  58.8","24","9999.9"," 0","999.9"," 0","999.9"," 0","  0.0","24","999.9","999.9","  84.9"," ","  61.0"," "," 0.00","G","999.9","000000"
"03770099999","2014-07-24","51.5","-0.1166666","5.0","ST JAMES PARK, UK","  73.0","24","  55.6","24","9999.9"," 0","999.9"," 0","999.9"," 0","  0.0","24","999.9","999.9","  84.4"," ","  61.9"," "," 0.00","G","999.9","000000"
"03770099999","2014-07-25","51.5","-0.1166666","5.0","ST JAMES PARK, UK","  68.4","24","  60.8","24","9999.9"," 0","999.9"," 0","999.9"," 0","  0.0","24","999.9","999.9","  82.0"," ","  62.8"," "," 0.00","G","999.9","000000"
"03770099999","2014-07-26","51.5","-0.1166666","5.0","ST JAMES PARK, UK","  73.8","24","  57.3","24","9999.9"," 0","999.9"," 0","999.9"," 0","  0.0","24","999.9","999.9","  84.9"," ","  63.3"," "," 0.09","G","999.9","000000"
"03770099999","2014-07-27","51.5","-0.1166666","5.0","ST JAMES PARK, UK","  71.5","24","  53.7","24","9999.9"," 0","999.9"," 0","999.9"," 0","  0.0","24","999.9","999.9","  79.0"," ","  66.7"," "," 0.02","G","999.9","000000"
"03770099999","2014-07-28","51.5","-0.1166666","5.0","ST JAMES PARK, UK","  67.6","24","  52.3","24","9999.9"," 0","999.9"," 0","999.9"," 0","  0.0","24","999.9","999.9","  75.7"," ","  62.2","*"," 0.01","G","999.9","000000"
"03770099999","2014-07-29","51.5","-0.1166666","5.0","ST JAMES PARK, UK","  70.8","24","  54.0","21","9999.9"," 0","999.9"," 0","999.9"," 0","  0.0","24","999.9","999.9","  81.3"," ","  62.2"," "," 0.00","G","999.9","000000"
"03770099999","2014-07-30","51.5","-0.1166666","5.0","ST JAMES PARK, UK","  69.2","24","  51.5","24","9999.9"," 0","999.9"," 0","999.9"," 0","  0.0","24","999.9","999.9","  79.7"," ","  60.4"," "," 0.00","G","999.9","000000"
"03770099999","2014-07-31","51.5","-0.1166666","5.0","ST JAMES PARK, UK","  68.9","24","  54.9","24","9999.9"," 0","999.9"," 0","999.9"," 0","  0.0","24","999.9","999.9","  78.4"," ","  59.7"," "," 0.00","G","999.9","000000"
"03770099999","2014-08-01","51.5","-0.1166666","5.0","ST JAMES PARK, UK","  67.5","24","  55.5","24","9999.9"," 0","999.9"," 0","999.9"," 0","  0.0","24","999.9","999.9","  78.3"," ","  60.4"," "," 0.00","G","999.9","000000"
"03770099999","2014-08-02","51.5","-0.1166666","5.0","ST JAMES PARK, UK","  66.9","24","  54.6","24","9999.9"," 0","999.9"," 0","999.9"," 0","  0.0","24","999.9","999.9","  75.6"," ","  61.9"," "," 0.00","G","999.9","000000"
"03770099999","2014-08-03","51.5","-0.1166666","5.0","ST JAMES PARK, UK","  65.2","24","  48.3","24","9999.9"," 0","999.9"," 0","999.9"," 0","  0.0","24","999.9","999.9","  75.6"," ","  55.2"," "," 0.00","G","999.9","000000"
"03770099999","2014-08-04","51.5","-0.1166666","5.0","ST JAMES PARK, UK","  66.5","24","  50.3","24","9999.9"," 0","999.9"," 0","999.9"," 0","  0.0","24","999.9","999.9","  77.2"," ","  58.1"," "," 0.00","G","999.9","000000"
"03770099999","2014-08-05","51.5","-0.1166666","5.0","ST JAMES PARK, UK","  66.8","24","  54.6","24","9999.9"," 0","999.9"," 0","999.9"," 0","  0.0","24","999.9","999.9","  76.5"," ","  56.5"," "," 0.00","G","999.9","000000"
"03770099999","2014-08-06","51.5","-0.1166666","5.0","ST JAMES PARK, UK","  69.0","24","  57.4","24","9999.9"," 0","999.9"," 0","999.9"," 0","  0.0","24","999.9","999.9","  79.0"," ","  61.9"," "," 0.37","G","999.9","000000"
"03770099999","2014-08-07","51.5","-0.1166666","5.0","ST JAMES PARK, UK","  70.3","24","  53.9","24","9999.9"," 0","999.9"," 0","999.9"," 0","  0.0","24","999.9","999.9","  81.0"," ","  58.5"," "," 0.00","G","999.9","000000"
"03770099999","2014-08-08","51.5","-0.1166666","5.0","ST JAMES PARK, UK","  67.8","24","  58.5","24","9999.9"," 0","999.9"," 0","999.9"," 0","  0.0","24","999.9","999.9","  76.5"," ","  60.1","*"," 0.00","G","999.9","000000"
"03770099999","2014-08-09","51.5","-0.1166666","5.0","ST JAMES PARK, UK","  64.8","24","  53.2","24","9999.9"," 0","999.9"," 0","999.9"," 0","  0.0","24","999.9","999.9","  74.8"," ","  56.3"," "," 0.39","G","999.9","000000"
"03770099999","2014-08-10","51.5","-0.1166666","5.0","ST JAMES PARK, UK","  63.8","24","  54.8","24","9999.9"," 0","999.9"," 0","999.9"," 0","  0.0","24","999.9","999.9","  72.9"," ","  59.9"," "," 0.02","G","999.9","000000"
"03770099999","2014-08-11","51.5","-0.1166666","5.0","ST JAMES PARK, UK","  61.2","24","  50.2","24","9999.9"," 0","999.9"," 0","999.9"," 0","  0.0","24","999.9","999.9","  71.4"," ","  55.4"," "," 0.74","G","999.9","000000"
"03770099999","2014-08-12","51.5","-0.1166666","5.0","ST JAMES PARK, UK","  60.3","24","  49.3","24","9999.9"," 0","999.9"," 0","999.9"," 0","  0.0","24","999.9","999.9","  69.3"," ","  54.3","*"," 0.09","G","999.9","000000"
"03770099999","2014-08-13","51.5","-0.1166666","5.0","ST JAMES PARK, UK","  62.7","24","  51.0","24","9999.9"," 0","999.9"," 0","999.9"," 0","  0.0","24","999.9","999.9","  72.0"," ","  53.8"," "," 0.09","G","999.9","000000"
"03770099999","2014-08-14","51.5","-0.1166666","5.0","ST JAMES PARK, UK","  60.2","24","  52.5","24","9999.9"," 0","999.9"," 0","999.9"," 0","  0.0","24","999.9","999.9","  71.8"," ","  56.1"," "," 0.00","G","999.9","000000"
"03770099999","2014-08-15","51.5","-0.1166666","5.0","ST JAMES PARK, UK","  61.7","24","  51.0","24","9999.9"," 0","999.9"," 0","999.9"," 0","  0.0","24","999.9","999.9","  68.7"," ","  55.6"," "," 0.28","G","999.9","000000"
"03770099999","2014-08-16","51.5","-0.1166666","5.0","ST JAMES PARK, UK","  62.2","24","  48.1","24","9999.9"," 0","999.9"," 0","999.9"," 0","  0.0","24","999.9","999.9","  70.2"," ","  54.3"," "," 0.01","G","999.9","000000"
"03770099999","2014-08-17","51.5","-0.1166666","5.0","ST JAMES PARK, UK","  61.5","24","  48.7","24","9999.9"," 0","999.9"," 0","999.9"," 0","  0.0","24","999.9","999.9","  70.7"," ","  56.8","*"," 0.00","G","999.9","000000"
"03770099999","2014-08-18","51.5","-0.1166666","5.0","ST JAMES PARK, UK","  58.7","24","  49.0","24","9999.9"," 0","999.9"," 0","999.9"," 0","  0.0","24","999.9","999.9","  69.3"," ","  52.5"," "," 0.05","G","999.9","000000"
"03770099999","2014-08-19","51.5","-0.1166666","5.0","ST JAMES PARK, UK","  57.0","24","  43.4","24","9999.9"," 0","999.9"," 0","999.9"," 0","  0.0","24","999.9","999.9","  65.8"," ","  51.1"," "," 0.12","G","999.9","000000"
"03770099999","2014-08-20","51.5","-0.1166666","5.0","ST JAMES PARK, UK","  57.1","24","  42.9","24","9999.9"," 0","999.9"," 0","999.9"," 0","  0.0","24","999.9","999.9","  67.1"," ","  46.6"," "," 0.01","G","999.9","000000"
"03770099999","2014-08-21","51.5","-0.1166666","5.0","ST JAMES PARK, UK","  56.7","24","  45.0","24","9999.9"," 0","999.9"," 0","999.9"," 0","  0.0","24","999.9","999.9","  65.3"," ","  46.4"," "," 0.00","G","999.9","000000"
"03770099999","2014-08-22","51.5","-0.1166666","5.0","ST JAMES PARK, UK","  60.4","24","  46.6","24","9999.9"," 0","999.9"," 0","999.9"," 0","  0.0","24","999.9","999.9","  69.1"," ","  54.5"," "," 0.00","G","999.9","000000"
"03770099999","2014-08-23","51.5","-0.1166666","5.0","ST JAMES PARK, UK","  57.5","24","  44.0","24","9999.9"," 0","999.9"," 0","999.9"," 0","  0.0","24","999.9","999.9","  67.6"," ","  49.1"," "," 0.01","G","999.9","000000"
"03770099999","2014-08-24","51.5","-0.1166666","5.0","ST JAMES PARK, UK","  56.9","24","  44.7","24","9999.9"," 0","999.9"," 0","999.9"," 0","  0.0","24","999.9","999.9","  65.7"," ","  45.9"," "," 0.06","G","999.9","000000"
"03770099999","2014-08-25","51.5","-0.1166666","5.0","ST JAMES PARK, UK","  59.4","24","  55.7","24","9999.9"," 0","999.9"," 0","999.9"," 0","  0.0","24","999.9","999.9","  62.8"," ","  55.8"," "," 0.01","G","999.9","000000"
"03770099999","2014-08-26","51.5","-0.1166666","5.0","ST JAMES PARK, UK","  59.6","24","  56.2","24","9999.9"," 0","999.9"," 0","999.9"," 0","  0.0","24","999.9","999.9","  62.4"," ","  55.8","*"," 1.51","G","999.9","000000"
"03770099999","2014-08-27","51.5","-0.1166666","5.0","ST JAMES PARK, UK","  61.0","24","  52.7","24","9999.9"," 0","999.9"," 0","999.9"," 0","  0.0","24","999.9","999.9","  67.1"," ","  52.5"," "," 0.20","G","999.9","000000"
"03770099999","2014-08-28","51.5","-0.1166666","5.0","ST JAMES PARK, UK","  65.0","24","  57.3","24","9999.9"," 0","999.9"," 0","999.9"," 0","  0.0","24","999.9","999.9","  73.2"," ","  59.4","*"," 0.08","G","999.9","000000"
"03770099999","2014-08-29","51.5","-0.1166666","5.0","ST JAMES PARK, UK","  63.2","24","  54.3","24","9999.9"," 0","999.9"," 0","999.9"," 0","  0.0","24","999.9","999.9","  69.8"," ","  57.0"," "," 0.00","G","999.9","000000"
"03770099999","2014-08-30","51.5","-0.1166666","5.0","ST JAMES PARK, UK","  63.5","24","  52.2","24","9999.9"," 0","999.9"," 0","999.9"," 0","  0.0","24","999.9","999.9","  67.6"," ","  59.9"," "," 0.05","G","999.9","000000"
"03770099999","2014-08-31","51.5","-0.1166666","5.0","ST JAMES PARK, UK","  62.5","24","  51.5","24","9999.9"," 0","999.9"," 0","999.9"," 0","  0.0","24","999.9","999.9","  73.2"," ","  56.3"," "," 0.00","G","999.9","000000"
"03770099999","2014-09-01","51.5","-0.1166666","5.0","ST JAMES PARK, UK","  60.5","24","  56.5","24","9999.9"," 0","999.9"," 0","999.9"," 0","  0.0","24","999.9","999.9","  67.1"," ","  54.0"," "," 0.00","G","999.9","000000"
"03770099999","2014-09-02","51.5","-0.1166666","5.0","ST JAMES PARK, UK","  63.5","24","  54.4","24","9999.9"," 0","999.9"," 0","999.9"," 0","  0.0","24","999.9","999.9","  73.0"," ","  55.9"," "," 0.14","G","999.9","000000"
"03770099999","2014-09-03","51.5","-0.1166666","5.0","ST JAMES PARK, UK","  65.6","23","  56.3","23","9999.9"," 0","999.9"," 0","999.9"," 0","  0.0","23","999.9","999.9","  74.1"," ","  60.1"," "," 0.00","G","999.9","000000"
"03770099999","2014-09-04","51.5","-0.1166666","5.0","ST JAMES PARK, UK","  64.3","24","  56.2","24","9999.9"," 0","999.9"," 0","999.9"," 0","  0.0","24","999.9","999.9","  69.4"," ","  58.1"," "," 0.00","G","999.9","000000"
"03770099999","2014-09-05","51.5","-0.1166666","5.0","ST JAMES PARK, UK","  63.6","24","  55.2","24","9999.9"," 0","999.9"," 0","999.9"," 0","  0.0","24","999.9","999.9","  70.3"," ","  57.4"," "," 0.00","G","999.9","000000"
"03770099999","2014-09-06","51.5","-0.1166666","5.0","ST JAMES PARK, UK","  65.1","24","  56.3","24","9999.9"," 0","999.9"," 0","999.9"," 0","  0.0","24","999.9","999.9","  72.0"," ","  60.3","*"," 0.00","G","999.9","000000"
"03770099999","2014-09-07","51.5","-0.1166666","5.0","ST JAMES PARK, UK","  62.7","24","  52.8","24","9999.9"," 0","999.9"," 0","999.9"," 0","  0.0","24","999.9","999.9","  71.2"," ","  57.6"," "," 0.00","G","999.9","000000"
"03770099999","2014-09-08","51.5","-0.1166666","5.0","ST JAMES PARK, UK","  62.2","24","  48.8","24","9999.9"," 0","999.9"," 0","999.9"," 0","  0.0","24","999.9","999.9","  73.0"," ","  51.8"," "," 0.00","G","999.9","000000"
"03770099999","2014-09-09","51.5","-0.1166666","5.0","ST JAMES PARK, UK","  62.3","24","  50.4","24","9999.9"," 0","999.9"," 0","999.9"," 0","  0.0","24","999.9","999.9","  72.0"," ","  54.9"," "," 0.00","G","999.9","000000"
"03770099999","2014-09-10","51.5","-0.1166666","5.0","ST JAMES PARK, UK","  60.0","24","  50.0","24","9999.9"," 0","999.9"," 0","999.9"," 0","  0.0","24","999.9","999.9","  68.2"," ","  51.8"," "," 0.00","G","999.9","000000"
"03770099999","2014-09-11","51.5","-0.1166666","5.0","ST JAMES PARK, UK","  60.0","24","  49.6","24","9999.9"," 0","999.9"," 0","999.9"," 0","  0.0","24","999.9","999.9","  65.1"," ","  52.3"," "," 0.00","G","999.9","000000"
"03770099999","2014-09-12","51.5","-0.1166666","5.0","ST JAMES PARK, UK","  63.5","24","  53.6","24","9999.9"," 0","999.9"," 0","999.9"," 0","  0.0","24","999.9","999.9","  73.2"," ","  57.0"," "," 0.00","G","999.9","000000"
"03770099999","2014-09-13","51.5","-0.1166666","5.0","ST JAMES PARK, UK","  62.1","24","  53.7","24","9999.9"," 0","999.9"," 0","999.9"," 0","  0.0","24","999.9","999.9","  70.5"," ","  55.4"," "," 0.00","G","999.9","000000"
"03770099999","2014-09-14","51.5","-0.1166666","5.0","ST JAMES PARK, UK","  62.1","24","  53.3","24","9999.9"," 0","999.9"," 0","999.9"," 0","  0.0","24","999.9","999.9","  71.4"," ","  56.1"," "," 0.00","G","999.9","000000"
"03770099999","2014-09-15","51.5","-0.1166666","5.0","ST JAMES PARK, UK","  62.3","24","  53.6","24","9999.9"," 0","999.9"," 0","999.9"," 0","  0.0","24","999.9","999.9","  73.2"," ","  55.2"," "," 0.00","G","999.9","000000"
"03770099999","2014-09-16","51.5","-0.1166666","5.0","ST JAMES PARK, UK","  64.8","24","  56.8","24","9999.9"," 0","999.9"," 0","999.9"," 0","  0.0","24","999.9","999.9","  75.6"," ","  57.9"," "," 0.00","G","999.9","000000"
"03770099999","2014-09-17","51.5","-0.1166666","5.0","ST JAMES PARK, UK","  64.4","24","  57.3","24","9999.9"," 0","999.9"," 0","999.9"," 0","  0.0","24","999.9","999.9","  70.0"," ","  61.5"," "," 0.00","G","999.9","000000"
"03770099999","2014-09-18","51.5","-0.1166666","5.0","ST JAMES PARK, UK","  66.9","23","  58.9","23","9999.9"," 0","999.9"," 0","999.9"," 0","  0.0","23","999.9","999.9","  78.3"," ","  59.9"," "," 0.00","G","999.9","000000"
"03770099999","2014-09-19","51.5","-0.1166666","5.0","ST JAMES PARK, UK","  67.8","24","  60.7","24","9999.9"," 0","999.9"," 0","999.9"," 0","  0.0","24","999.9","999.9","  77.0"," ","  61.0"," "," 0.20","G","999.9","000000"
"03770099999","2014-09-20","51.5","-0.1166666","5.0","ST JAMES PARK, UK","  63.3","24","  58.8","24","9999.9"," 0","999.9"," 0","999.9"," 0","  0.0","24","999.9","999.9","  66.9"," ","  60.4","*"," 0.01","G","999.9","000000"
"03770099999","2014-09-21","51.5","-0.1166666","5.0","ST JAMES PARK, UK","  59.4","24","  49.5","24","9999.9"," 0","999.9"," 0","999.9"," 0","  0.0","24","999.9","999.9","  65.5"," ","  54.9","*"," 0.16","G","999.9","000000"
"03770099999","2014-09-22","51.5","-0.1166666","5.0","ST JAMES PARK, UK","  56.8","24","  45.0","24","9999.9"," 0","999.9"," 0","999.9"," 0","  0.0","24","999.9","999.9","  66.6"," ","  50.4"," "," 0.00","G","999.9","000000"
"03770099999","2014-09-23","51.5","-0.1166666","5.0","ST JAMES PARK, UK","  56.3","24","  46.5","24","9999.9"," 0","999.9"," 0","999.9"," 0","  0.0","24","999.9","999.9","  66.6"," ","  46.6"," "," 0.00","G","999.9","000000"
"03770099999","2014-09-24","51.5","-0.1166666","5.0","ST JAMES PARK, UK","  58.4","24","  47.6","24","9999.9"," 0","999.9"," 0","999.9"," 0","  0.0","24","999.9","999.9","  67.3"," ","  53.6","*"," 0.06","G","999.9","000000"
"03770099999","2014-09-25","51.5","-0.1166666","5.0","ST JAMES PARK, UK","  57.1","24","  48.3","24","9999.9"," 0","999.9"," 0","999.9"," 0","  0.0","24","999.9","999.9","  67.3"," ","  45.5"," "," 0.05","G","999.9","000000"
"03770099999","2014-09-26","51.5","-0.1166666","5.0","ST JAMES PARK, UK","  63.4","24","  54.6","24","9999.9"," 0","999.9"," 0","999.9"," 0","  0.0","24","999.9","999.9","  72.0"," ","  59.2","*"," 0.00","G","999.9","000000"
"03770099999","2014-09-27","51.5","-0.1166666","5.0","ST JAMES PARK, UK","  63.4","24","  53.7","24","9999.9"," 0","999.9"," 0","999.9"," 0","  0.0","24","999.9","999.9","  69.4"," ","  54.9"," "," 0.00","G","999.9","000000"
"03770099999","2014-09-28","51.5","-0.1166666","5.0","ST JAMES PARK, UK","  65.3","24","  57.2","24","9999.9"," 0","999.9"," 0","999.9"," 0","  0.0","24","999.9","999.9","  75.6"," ","  59.4","*"," 0.00","G","999.9","000000"
"03770099999","2014-09-29","51.5","-0.1166666","5.0","ST JAMES PARK, UK","  61.2","24","  56.9","24","9999.9"," 0","999.9"," 0","999.9"," 0","  0.0","24","999.9","999.9","  67.1"," ","  56.1"," "," 0.00","G","999.9","000000"
"03770099999","2014-09-30","51.5","-0.1166666","5.0","ST JAMES PARK, UK","  63.7","19","  56.0","19","9999.9"," 0","999.9"," 0","999.9"," 0","  0.0","19","999.9","999.9","  72.9"," ","  58.6"," "," 0.03","G","999.9","000000"
"03770099999","2014-10-01","51.5","-0.1166666","5.0","ST JAMES PARK, UK","  63.8","21","  55.4","21","9999.9"," 0","999.9"," 0","999.9"," 0","  0.0","21","999.9","999.9","  69.4"," ","  59.2","*"," 0.00","G","999.9","000000"
"03770099999","2014-10-02","51.5","-0.1166666","5.0","ST JAMES PARK, UK","  62.9","23","  55.2","23","9999.9"," 0","999.9"," 0","999.9"," 0","  0.0","23","999.9","999.9","  70.7"," ","  57.4","*"," 0.06","G","999.9","000000"
"03770099999","2014-10-03","51.5","-0.1166666","5.0","ST JAMES PARK, UK","  62.2","24","  54.8","24","9999.9"," 0","999.9"," 0","999.9"," 0","  0.0","24","999.9","999.9","  71.1"," ","  55.8"," "," 0.00","G","999.9","000000"
"03770099999","2014-10-04","51.5","-0.1166666","5.0","ST JAMES PARK, UK","  56.1","24","  51.0","24","9999.9"," 0","999.9"," 0","999.9"," 0","  0.0","24","999.9","999.9","  65.7"," ","  48.2","*"," 0.00","G","999.9","000000"
"03770099999","2014-10-05","51.5","-0.1166666","5.0","ST JAMES PARK, UK","  50.5","24","  40.3","24","9999.9"," 0","999.9"," 0","999.9"," 0","  0.0","24","999.9","999.9","  61.9"," ","  40.8"," "," 0.18","G","999.9","000000"
"03770099999","2014-10-06","51.5","-0.1166666","5.0","ST JAMES PARK, UK","  53.0","24","  46.7","24","9999.9"," 0","999.9"," 0","999.9"," 0","  0.0","24","999.9","999.9","  56.1"," ","  48.0"," "," 0.00","G","999.9","000000"
"03770099999","2014-10-07","51.5","-0.1166666","5.0","ST JAMES PARK, UK","  52.2","24","  43.5","24","9999.9"," 0","999.9"," 0","999.9"," 0","  0.0","24","999.9","999.9","  60.3"," ","  47.5"," "," 0.33","G","999.9","000000"
"03770099999","2014-10-08","51.5","-0.1166666","5.0","ST JAMES PARK, UK","  55.3","24","  49.4","24","9999.9"," 0","999.9"," 0","999.9"," 0","  0.0","24","999.9","999.9","  63.3"," ","  47.8"," "," 0.00","G","999.9","000000"
"03770099999","2014-10-09","51.5","-0.1166666","5.0","ST JAMES PARK, UK","  56.4","24","  49.1","24","9999.9"," 0","999.9"," 0","999.9"," 0","  0.0","24","999.9","999.9","  64.6"," ","  52.9"," "," 0.32","G","999.9","000000"
"03770099999","2014-10-10","51.5","-0.1166666","5.0","ST JAMES PARK, UK","  56.3","24","  49.6","24","9999.9"," 0","999.9"," 0","999.9"," 0","  0.0","24","999.9","999.9","  65.1"," ","  48.2"," "," 0.20","G","999.9","000000"
"03770099999","2014-10-11","51.5","-0.1166666","5.0","ST JAMES PARK, UK","  55.5","24","  48.9","24","9999.9"," 0","999.9"," 0","999.9"," 0","  0.0","24","999.9","999.9","  63.1"," ","  48.7","*"," 0.01","G","999.9","000000"
"03770099999","2014-10-12","51.5","-0.1166666","5.0","ST JAMES PARK, UK","  52.4","24","  47.9","24","9999.9"," 0","999.9"," 0","999.9"," 0","  0.0","24","999.9","999.9","  59.4"," ","  45.1"," "," 0.02","G","999.9","000000"
"03770099999","2014-10-13","51.5","-0.1166666","5.0","ST JAMES PARK, UK","  55.6","24","  53.3","24","9999.9"," 0","999.9"," 0","999.9"," 0","  0.0","24","999.9","999.9","  59.5"," ","  52.7"," "," 0.82","G","999.9","000000"
"03770099999","2014-10-14","51.5","-0.1166666","5.0","ST JAMES PARK, UK","  56.4","24","  53.3","24","9999.9"," 0","999.9"," 0","999.9"," 0","  0.0","24","999.9","999.9","  58.1"," ","  54.3"," "," 0.66","G","999.9","000000"
"03770099999","2014-10-15","51.5","-0.1166666","5.0","ST JAMES PARK, UK","  56.8","24","  53.0","24","9999.9"," 0","999.9"," 0","999.9"," 0","  0.0","24","999.9","999.9","  59.7","*","  54.9"," "," 0.02","G","999.9","000000"
"03770099999","2014-10-16","51.5","-0.1166666","5.0","ST JAMES PARK, UK","  58.8","24","  54.2","24","9999.9"," 0","999.9"," 0","999.9"," 0","  0.0","24","999.9","999.9","  64.6"," ","  52.7","*"," 0.00","G","999.9","000000"
"03770099999","2014-10-17","51.5","-0.1166666","5.0","ST JAMES PARK, UK","  61.2","24","  55.7","24","9999.9"," 0","999.9"," 0","999.9"," 0","  0.0","24","999.9","999.9","  67.6"," ","  55.6"," "," 0.06","G","999.9","000000"
"03770099999","2014-10-18","51.5","-0.1166666","5.0","ST JAMES PARK, UK","  64.8","24","  58.6","24","9999.9"," 0","999.9"," 0","999.9"," 0","  0.0","24","999.9","999.9","  69.3"," ","  61.3"," "," 0.01","G","999.9","000000"
"03770099999","2014-10-19","51.5","-0.1166666","5.0","ST JAMES PARK, UK","  62.4","24","  55.4","24","9999.9"," 0","999.9"," 0","999.9"," 0","  0.0","24","999.9","999.9","  68.4"," ","  57.2","*"," 0.17","G","999.9","000000"
"03770099999","2014-10-20","51.5","-0.1166666","5.0","ST JAMES PARK, UK","  58.0","24","  49.9","24","9999.9"," 0","999.9"," 0","999.9"," 0","  0.0","24","999.9","999.9","  64.2"," ","  55.6","*"," 0.01","G","999.9","000000"
"03770099999","2014-10-21","51.5","-0.1166666","5.0","ST JAMES PARK, UK","  54.3","24","  43.8","24","9999.9"," 0","999.9"," 0","999.9"," 0","  0.0","24","999.9","999.9","  58.3"," ","  47.1","*"," 0.01","G","999.9","000000"
"03770099999","2014-10-22","51.5","-0.1166666","5.0","ST JAMES PARK, UK","  50.8","24","  41.2","24","9999.9"," 0","999.9"," 0","999.9"," 0","  0.0","24","999.9","999.9","  57.2"," ","  43.9"," "," 0.12","G","999.9","000000"
"03770099999","2014-10-23","51.5","-0.1166666","5.0","ST JAMES PARK, UK","  57.6","24","  49.9","24","9999.9"," 0","999.9"," 0","999.9"," 0","  0.0","24","999.9","999.9","  62.4"," ","  51.6"," "," 0.00","G","999.9","000000"
"03770099999","2014-10-24","51.5","-0.1166666","5.0","ST JAMES PARK, UK","  59.5","24","  54.6","24","9999.9"," 0","999.9"," 0","999.9"," 0","  0.0","24","999.9","999.9","  62.8"," ","  55.2","*"," 0.06","G","999.9","000000"
"03770099999","2014-10-25","51.5","-0.1166666","5.0","ST JAMES PARK, UK","  53.7","24","  45.6","24","9999.9"," 0","999.9"," 0","999.9"," 0","  0.0","24","999.9","999.9","  60.6"," ","  45.7"," "," 0.01","G","999.9","000000"
"03770099999","2014-10-26","51.5","-0.1166666","5.0","ST JAMES PARK, UK","  56.7","24","  46.3","24","9999.9"," 0","999.9"," 0","999.9"," 0","  0.0","24","999.9","999.9","  60.4"," ","  53.2"," "," 0.00","G","999.9","000000"
"03770099999","2014-10-27","51.5","-0.1166666","5.0","ST JAMES PARK, UK","  59.4","24","  52.2","24","9999.9"," 0","999.9"," 0","999.9"," 0","  0.0","24","999.9","999.9","  66.2"," ","  54.3"," "," 0.00","G","999.9","000000"
"03770099999","2014-10-28","51.5","-0.1166666","5.0","ST JAMES PARK, UK","  59.0","24","  52.8","24","9999.9"," 0","999.9"," 0","999.9"," 0","  0.0","24","999.9","999.9","  66.7"," ","  54.5"," "," 0.00","G","999.9","000000"
"03770099999","2014-10-29","51.5","-0.1166666","5.0","ST JAMES PARK, UK","  56.6","24","  53.8","24","9999.9"," 0","999.9"," 0","999.9"," 0","  0.0","24","999.9","999.9","  60.3","*","  54.7","*"," 0.03","G","999.9","000000"
"03770099999","2014-10-30","51.5","-0.1166666","5.0","ST JAMES PARK, UK","  60.0","24","  56.2","24","9999.9"," 0","999.9"," 0","999.9"," 0","  0.0","24","999.9","999.9","  65.3"," ","  55.4"," "," 0.10","G","999.9","000000"
"03770099999","2014-10-31","51.5","-0.1166666","5.0","ST JAMES PARK, UK","  63.3","24","  54.5","24","9999.9"," 0","999.9"," 0","999.9"," 0","  0.0","24","999.9","999.9","  73.8"," ","  56.7"," "," 0.00","G","999.9","000000"
"03770099999","2014-11-01","51.5","-0.1166666","5.0","ST JAMES PARK, UK","  59.9","24","  51.6","24","9999.9"," 0","999.9"," 0","999.9"," 0","  0.0","24","999.9","999.9","  64.6"," ","  55.4","*"," 0.00","G","999.9","000000"
"03770099999","2014-11-02","51.5","-0.1166666","5.0","ST JAMES PARK, UK","  57.5","24","  51.7","24","9999.9"," 0","999.9"," 0","999.9"," 0","  0.0","24","999.9","999.9","  60.4"," ","  52.3","*"," 0.00","G","999.9","000000"
"03770099999","2014-11-03","51.5","-0.1166666","5.0","ST JAMES PARK, UK","  48.6","24","  44.1","24","9999.9"," 0","999.9"," 0","999.9"," 0","  0.0","24","999.9","999.9","  52.3","*","  43.7","*"," 0.30","G","999.9","000000"
"03770099999","2014-11-04","51.5","-0.1166666","5.0","ST JAMES PARK, UK","  46.9","24","  41.4","24","9999.9"," 0","999.9"," 0","999.9"," 0","  0.0","24","999.9","999.9","  54.7"," ","  42.6","*"," 0.28","G","999.9","000000"
"03770099999","2014-11-05","51.5","-0.1166666","5.0","ST JAMES PARK, UK","  47.0","24","  40.3","24","9999.9"," 0","999.9"," 0","999.9"," 0","  0.0","24","999.9","999.9","  52.3"," ","  43.2","*"," 0.31","G","999.9","000000"
"03770099999","2014-11-06","51.5","-0.1166666","5.0","ST JAMES PARK, UK","  45.9","24","  39.6","24","9999.9"," 0","999.9"," 0","999.9"," 0","  0.0","24","999.9","999.9","  54.7"," ","  34.5"," "," 0.00","G","999.9","000000"
"03770099999","2014-11-07","51.5","-0.1166666","5.0","ST JAMES PARK, UK","  52.6","24","  46.1","24","9999.9"," 0","999.9"," 0","999.9"," 0","  0.0","24","999.9","999.9","  56.7"," ","  47.8","*"," 0.15","G","999.9","000000"
"03770099999","2014-11-08","51.5","-0.1166666","5.0","ST JAMES PARK, UK","  51.9","24","  46.5","24","9999.9"," 0","999.9"," 0","999.9"," 0","  0.0","24","999.9","999.9","  57.9"," ","  45.7"," "," 0.04","G","999.9","000000"
"03770099999","2014-11-09","51.5","-0.1166666","5.0","ST JAMES PARK, UK","  49.4","24","  44.5","24","9999.9"," 0","999.9"," 0","999.9"," 0","  0.0","24","999.9","999.9","  54.0"," ","  46.6","*"," 0.40","G","999.9","000000"
"03770099999","2014-11-10","51.5","-0.1166666","5.0","ST JAMES PARK, UK","  50.7","24","  44.7","24","9999.9"," 0","999.9"," 0","999.9"," 0","  0.0","24","999.9","999.9","  57.4"," ","  44.8"," "," 0.01","G","999.9","000000"
"03770099999","2014-11-11","51.5","-0.1166666","5.0","ST JAMES PARK, UK","  53.5","24","  46.4","24","9999.9"," 0","999.9"," 0","999.9"," 0","  0.0","24","999.9","999.9","  56.8"," ","  50.7"," "," 0.03","G","999.9","000000"
"03770099999","2014-11-12","51.5","-0.1166666","5.0","ST JAMES PARK, UK","  52.9","24","  47.0","24","9999.9"," 0","999.9"," 0","999.9"," 0","  0.0","24","999.9","999.9","  55.8"," ","  50.2","*"," 0.01","G","999.9","000000"
"03770099999","2014-11-13","51.5","-0.1166666","5.0","ST JAMES PARK, UK","  52.9","24","  48.2","24","9999.9"," 0","999.9"," 0","999.9"," 0","  0.0","24","999.9","999.9","  56.3"," ","  48.0"," "," 0.11","G","999.9","000000"
"03770099999","2014-11-14","51.5","-0.1166666","5.0","ST JAMES PARK, UK","  52.7","24","  47.9","24","9999.9"," 0","999.9"," 0","999.9"," 0","  0.0","24","999.9","999.9","  57.4"," ","  46.8","*"," 0.04","G","999.9","000000"
"03770099999","2014-11-15","51.5","-0.1166666","5.0","ST JAMES PARK, UK","  50.1","24","  47.2","24","9999.9"," 0","999.9"," 0","999.9"," 0","  0.0","24","999.9","999.9","  55.8"," ","  45.7"," "," 0.44","G","999.9","000000"
"03770099999","2014-11-16","51.5","-0.1166666","5.0","ST JAMES PARK, UK","  50.3","24","  47.0","24","9999.9"," 0","999.9"," 0","999.9"," 0","  0.0","24","999.9","999.9","  53.1"," ","  48.0"," "," 0.00","G","999.9","000000"
"03770099999","2014-11-17","51.5","-0.1166666","5.0","ST JAMES PARK, UK","  48.2","24","  44.4","24","9999.9"," 0","999.9"," 0","999.9"," 0","  0.0","24","999.9","999.9","  50.9"," ","  45.9"," "," 0.24","G","999.9","000000"
"03770099999","2014-11-18","51.5","-0.1166666","5.0","ST JAMES PARK, UK","  50.2","24","  45.5","24","9999.9"," 0","999.9"," 0","999.9"," 0","  0.0","24","999.9","999.9","  54.9"," ","  45.7"," "," 0.09","G","999.9","000000"
"03770099999","2014-11-19","51.5","-0.1166666","5.0","ST JAMES PARK, UK","  49.2","24","  44.8","24","9999.9"," 0","999.9"," 0","999.9"," 0","  0.0","24","999.9","999.9","  52.7"," ","  46.4","*"," 0.15","G","999.9","000000"
"03770099999","2014-11-20","51.5","-0.1166666","5.0","ST JAMES PARK, UK","  48.1","24","  43.5","24","9999.9"," 0","999.9"," 0","999.9"," 0","  0.0","24","999.9","999.9","  52.3"," ","  45.1"," "," 0.00","G","999.9","000000"
"03770099999","2014-11-21","51.5","-0.1166666","5.0","ST JAMES PARK, UK","  46.6","24","  42.7","24","9999.9"," 0","999.9"," 0","999.9"," 0","  0.0","24","999.9","999.9","  49.5","*","  43.5"," "," 0.00","G","999.9","000000"
"03770099999","2014-11-22","51.5","-0.1166666","5.0","ST JAMES PARK, UK","  55.1","24","  52.9","24","9999.9"," 0","999.9"," 0","999.9"," 0","  0.0","24","999.9","999.9","  58.1"," ","  46.9"," "," 0.06","G","999.9","000000"
"03770099999","2014-11-23","51.5","-0.1166666","5.0","ST JAMES PARK, UK","  49.1","24","  46.0","24","9999.9"," 0","999.9"," 0","999.9"," 0","  0.0","24","999.9","999.9","  56.5","*","  43.7","*"," 0.46","G","999.9","000000"
"03770099999","2014-11-24","51.5","-0.1166666","5.0","ST JAMES PARK, UK","  40.7","24","  37.6","24","9999.9"," 0","999.9"," 0","999.9"," 0","  0.0","24","999.9","999.9","  47.7"," ","  35.4","*"," 0.79","G","999.9","000000"
"03770099999","2014-11-25","51.5","-0.1166666","5.0","ST JAMES PARK, UK","  44.5","24","  39.9","24","9999.9"," 0","999.9"," 0","999.9"," 0","  0.0","24","999.9","999.9","  49.1"," ","  36.9"," "," 0.02","G","999.9","000000"
"03770099999","2014-11-26","51.5","-0.1166666","5.0","ST JAMES PARK, UK","  48.4","24","  46.5","24","9999.9"," 0","999.9"," 0","999.9"," 0","  0.0","24","999.9","999.9","  50.0"," ","  46.6"," "," 0.17","G","999.9","000000"
"03770099999","2014-11-27","51.5","-0.1166666","5.0","ST JAMES PARK, UK","  50.5","24","  47.6","24","9999.9"," 0","999.9"," 0","999.9"," 0","  0.0","24","999.9","999.9","  53.1"," ","  48.7","*"," 0.17","G","999.9","000000"
"03770099999","2014-11-28","51.5","-0.1166666","5.0","ST JAMES PARK, UK","  52.4","24","  48.1","24","9999.9"," 0","999.9"," 0","999.9"," 0","  0.0","24","999.9","999.9","  54.7"," ","  49.3"," "," 0.01","G","999.9","000000"
"03770099999","2014-11-29","51.5","-0.1166666","5.0","ST JAMES PARK, UK","  51.5","24","  46.5","24","9999.9"," 0","999.9"," 0","999.9"," 0","  0.0","24","999.9","999.9","  55.8"," ","  46.0","*"," 0.00","G","999.9","000000"
"03770099999","2014-11-30","51.5","-0.1166666","5.0","ST JAMES PARK, UK","  49.3","24","  44.9","24","9999.9"," 0","999.9"," 0","999.9"," 0","  0.0","24","999.9","999.9","  54.3"," ","  43.0"," "," 0.00","G","999.9","000000"
"03770099999","2014-12-01","51.5","-0.1166666","5.0","ST JAMES PARK, UK","  46.0","24","  39.4","24","9999.9"," 0","999.9"," 0","999.9"," 0","  0.0","24","999.9","999.9","  50.0","*","  43.9","*"," 0.00","G","999.9","000000"
"03770099999","2014-12-02","51.5","-0.1166666","5.0","ST JAMES PARK, UK","  45.5","24","  39.9","24","9999.9"," 0","999.9"," 0","999.9"," 0","  0.0","24","999.9","999.9","  47.7"," ","  43.3"," "," 0.00","G","999.9","000000"
"03770099999","2014-12-03","51.5","-0.1166666","5.0","ST JAMES PARK, UK","  44.5","24","  36.8","24","9999.9"," 0","999.9"," 0","999.9"," 0","  0.0","24","999.9","999.9","  48.0"," ","  40.6","*"," 0.03","G","999.9","000000"
"03770099999","2014-12-04","51.5","-0.1166666","5.0","ST JAMES PARK, UK","  40.4","24","  35.4","24","9999.9"," 0","999.9"," 0","999.9"," 0","  0.0","24","999.9","999.9","  44.6","*","  38.3","*"," 0.00","G","999.9","000000"
"03770099999","2014-12-05","51.5","-0.1166666","5.0","ST JAMES PARK, UK","  40.7","24","  35.7","24","9999.9"," 0","999.9"," 0","999.9"," 0","  0.0","24","999.9","999.9","  44.1"," ","  37.0","*"," 0.06","G","999.9","000000"
"03770099999","2014-12-06","51.5","-0.1166666","5.0","ST JAMES PARK, UK","  37.2","24","  31.4","24","9999.9"," 0","999.9"," 0","999.9"," 0","  0.0","24","999.9","999.9","  42.6"," ","  31.1","*"," 0.01","G","999.9","000000"
"03770099999","2014-12-07","51.5","-0.1166666","5.0","ST JAMES PARK, UK","  45.0","24","  37.9","24","9999.9"," 0","999.9"," 0","999.9"," 0","  0.0","24","999.9","999.9","  51.4"," ","  35.6"," "," 0.01","G","999.9","000000"
"03770099999","2014-12-08","51.5","-0.1166666","5.0","ST JAMES PARK, UK","  40.7","24","  32.6","24","9999.9"," 0","999.9"," 0","999.9"," 0","  0.0","24","999.9","999.9","  44.8"," ","  37.2"," "," 0.03","G","999.9","000000"
"03770099999","2014-12-09","51.5","-0.1166666","5.0","ST JAMES PARK, UK","  41.3","24","  36.5","24","9999.9"," 0","999.9"," 0","999.9"," 0","  0.0","24","999.9","999.9","  51.8","*","  31.6"," "," 0.00","G","999.9","000000"
"03770099999","2014-12-10","51.5","-0.1166666","5.0","ST JAMES PARK, UK","  46.6","24","  37.3","24","9999.9"," 0","999.9"," 0","999.9"," 0","  0.0","24","999.9","999.9","  53.8","*","  42.6","*"," 0.06","G","999.9","000000"
"03770099999","2014-12-11","51.5","-0.1166666","5.0","ST JAMES PARK, UK","  45.4","24","  37.4","24","9999.9"," 0","999.9"," 0","999.9"," 0","  0.0","24","999.9","999.9","  49.1","*","  41.9"," "," 0.00","G","999.9","000000"
"03770099999","2014-12-12","51.5","-0.1166666","5.0","ST JAMES PARK, UK","  45.7","24","  39.4","24","9999.9"," 0","999.9"," 0","999.9"," 0","  0.0","24","999.9","999.9","  50.5"," ","  38.8","*"," 0.50","G","999.9","000000"
"03770099999","2014-12-13","51.5","-0.1166666","5.0","ST JAMES PARK, UK","  37.8","24","  31.8","24","9999.9"," 0","999.9"," 0","999.9"," 0","  0.0","24","999.9","999.9","  45.5"," ","  33.8","*"," 0.09","G","999.9","000000"
"03770099999","2014-12-14","51.5","-0.1166666","5.0","ST JAMES PARK, UK","  42.9","24","  37.1","24","9999.9"," 0","999.9"," 0","999.9"," 0","  0.0","24","999.9","999.9","  49.8"," ","  32.9"," "," 0.00","G","999.9","000000"
"03770099999","2014-12-15","51.5","-0.1166666","5.0","ST JAMES PARK, UK","  45.0","24","  40.0","24","9999.9"," 0","999.9"," 0","999.9"," 0","  0.0","24","999.9","999.9","  49.5","*","  40.6","*"," 0.05","G","999.9","000000"
"03770099999","2014-12-16","51.5","-0.1166666","5.0","ST JAMES PARK, UK","  40.7","24","  36.6","24","9999.9"," 0","999.9"," 0","999.9"," 0","  0.0","24","999.9","999.9","  45.3"," ","  36.1"," "," 0.00","G","999.9","000000"
"03770099999","2014-12-17","51.5","-0.1166666","5.0","ST JAMES PARK, UK","  52.2","24","  48.6","24","9999.9"," 0","999.9"," 0","999.9"," 0","  0.0","24","999.9","999.9","  56.8"," ","  40.3"," "," 0.34","G","999.9","000000"
"03770099999","2014-12-18","51.5","-0.1166666","5.0","ST JAMES PARK, UK","  55.6","24","  50.5","24","9999.9"," 0","999.9"," 0","999.9"," 0","  0.0","24","999.9","999.9","  56.7"," ","  52.7"," "," 0.00","G","999.9","000000"
"03770099999","2014-12-19","51.5","-0.1166666","5.0","ST JAMES PARK, UK","  49.9","24","  41.8","24","9999.9"," 0","999.9"," 0","999.9"," 0","  0.0","24","999.9","999.9","  55.4","*","  42.8","*"," 0.02","G","999.9","000000"
"03770099999","2014-12-20","51.5","-0.1166666","5.0","ST JAMES PARK, UK","  45.2","24","  36.9","24","9999.9"," 0","999.9"," 0","999.9"," 0","  0.0","24","999.9","999.9","  50.0"," ","  41.4"," "," 0.03","G","999.9","000000"
"03770099999","2014-12-21","51.5","-0.1166666","5.0","ST JAMES PARK, UK","  47.7","24","  41.8","24","9999.9"," 0","999.9"," 0","999.9"," 0","  0.0","24","999.9","999.9","  53.1","*","  39.4"," "," 0.00","G","999.9","000000"
"03770099999","2014-12-22","51.5","-0.1166666","5.0","ST JAMES PARK, UK","  54.9","24","  47.6","24","9999.9"," 0","999.9"," 0","999.9"," 0","  0.0","24","999.9","999.9","  56.8"," ","  50.5"," "," 0.00","G","999.9","000000"
"03770099999","2014-12-23","51.5","-0.1166666","5.0","ST JAMES PARK, UK","  53.4","24","  44.3","24","9999.9"," 0","999.9"," 0","999.9"," 0","  0.0","24","999.9","999.9","  55.6"," ","  52.0","*"," 0.00","G","999.9","000000"
"03770099999","2014-12-24","51.5","-0.1166666","5.0","ST JAMES PARK, UK","  48.2","24","  39.1","24","9999.9"," 0","999.9"," 0","999.9"," 0","  0.0","24","999.9","999.9","  53.4"," ","  40.5","*"," 0.00","G","999.9","000000"
"03770099999","2014-12-25","51.5","-0.1166666","5.0","ST JAMES PARK, UK","  42.0","24","  34.7","24","9999.9"," 0","999.9"," 0","999.9"," 0","  0.0","24","999.9","999.9","  47.1"," ","  37.6","*"," 0.05","G","999.9","000000"
"03770099999","2014-12-26","51.5","-0.1166666","5.0","ST JAMES PARK, UK","  39.0","24","  35.5","24","9999.9"," 0","999.9"," 0","999.9"," 0","  0.0","24","999.9","999.9","  48.2","*","  33.4"," "," 0.00","G","999.9","000000"
"03770099999","2014-12-27","51.5","-0.1166666","5.0","ST JAMES PARK, UK","  39.2","24","  34.0","24","9999.9"," 0","999.9"," 0","999.9"," 0","  0.0","24","999.9","999.9","  47.8","*","  36.7"," "," 0.39","G","999.9","000000"
"03770099999","2014-12-28","51.5","-0.1166666","5.0","ST JAMES PARK, UK","  37.9","24","  28.9","24","9999.9"," 0","999.9"," 0","999.9"," 0","  0.0","24","999.9","999.9","  42.8"," ","  31.6","*"," 0.02","G","999.9","000000"
"03770099999","2014-12-29","51.5","-0.1166666","5.0","ST JAMES PARK, UK","  34.7","24","  30.0","24","9999.9"," 0","999.9"," 0","999.9"," 0","  0.0","24","999.9","999.9","  43.2"," ","  29.1"," "," 0.00","G","999.9","000000"
"03770099999","2014-12-30","51.5","-0.1166666","5.0","ST JAMES PARK, UK","  34.2","24","  30.6","24","9999.9"," 0","999.9"," 0","999.9"," 0","  0.0","24","999.9","999.9","  42.6"," ","  28.2"," "," 0.00","G","999.9","000000"
"03770099999","2014-12-31","51.5","-0.1166666","5.0","ST JAMES PARK, UK","  38.2","24","  34.2","24","9999.9"," 0","999.9"," 0","999.9"," 0","  0.0","24","999.9","999.9","  45.7"," ","  29.5"," "," 0.01","G","999.9","000000"
